trial_number,genome,merit,genome_length,movements,map_idx
0,"[45]PoHHHHIHGKHPJCliBbfpuHjIDLLyqvoDQBnvRPQDdgrBt",0.321875,45,"MMMMRMMMMMRMMMMMRMMMMMRMMMMMRMMMMMRMMMMMRMMMMMRMMLMMMMRMMMMMRMMMMMRMMMMMRMMMMMRMMMMMRMMMMMRMMMMMRMMLMMMMRMMMMMRMMMMMRMMMMMRMMMMMRMMMMMRMMMMMRMMMMMRMMLMMMMRMMMMMRMMMMMRMMMMMRMMMMMRMMMMMRMMMMMRMMMMMRMMLMMMMRMMMMMRMMMMMRMMMMMRMMMMMRMMMMMRMMMMMRMMMMMRMMLMMMMRMMMMMRMMMMMRMMMMMRMMMMMRMMMMMRMMMMMRMMMMMRMMLMMMMRMMMMMRMMMMMRMMMMMRMMMMMRMMMMMRMMMMMRMMMMMRMMLMMMMRMMMMMRMMMMMRMMLMMMMRMMMMMRMMMMMRMMMMMRMMMMMRMMMMMRMMMMMRMMMMMRMMLMMMMRMMMMMMRMMMMMRMMMMMRMMMMMRMMMMMMRMMMMMRMMMMMRMMLMMMMRMMMMMRMMMMMRMMMMMRMMMMMRMMMMMRMMMMMRMMMMMRMMMMMRMMLMMMMRMMMMMRMMMMMRMMMMMRMMMMMRMMMMMRMMMMMRMMLMMMMRMMLMMMMRMMMMMRMMMMMRMMMMMRMMMMMRMMMMMRMMLMMMMRMMLMMMMRMMMMMRMMLMMMMRMMLMMMMRMMMMMMRMMMMMRMMMMMRMMMMMRMMMMMRMMMMMRMMLMMMMRMMMMMRMMMMMRMMMMMRMMMMMRMMLMMMMRMMLMMMMRMMMMMMRMMMMMRMMMMMRMMMMMRMMLMMMMRMMMMMRMMMMMRMMMMMRMMMMMRMMLMMMMRMMMMMMRMMMMMRMMMMMRMMMMMRMMLMMMMRMMLMMMMRM",4
1,"[45]PoHHHHIHGKHPJCliBbfpuHjIDLLyqvoDQBnvRPQDdgrBt",0.417045,45,"MMMMRMMMMMRMMMMMRMMMMMRMMMMMRMMMMMRMMMMMRMMMMMRMMLMMMMRMMMMMRMMMMMRMMMMMRMMMMMRMMMMMRMMMMMRMMMMMRMMLMMMMRMMMMMRMMMMMRMMMMMRMMMMMRMMMMMRMMMMMRMMMMMRMMLMMMMRMMMMMRMMMMMRMMMMMRMMMMMRMMMMMRMMMMMRMMMMMRMMLMMMMRMMMMMRMMMMMRMMMMMRMMMMMRMMMMMRMMMMMRMMMMMRMMLMMMMRMMMMMRMMMMMRMMMMMRMMMMMRMMMMMRMMMMMRMMMMMRMMLMMMMRMMMMMRMMMMMRMMMMMRMMMMMRMMMMMRMMMMMRMMMMMRMMLMMMMRMMMMMRMMMMMRMMLMMMMRMMMMMRMMMMMRMMMMMRMMMMMRMMMMMRMMMMMRMMMMMRMMLMMMMRMMMMMMRMMMMMRMMMMMRMMMMMRMMMMMRMMMMMRMMMMMRMMLMMMMRMMMMMRMMMMMRMMMMMRMMMMMRMMMMMRMMMMMRMMMMMMRMMMMMRMMLMMMMRMMMMMRMMMMMRMMMMMRMMMMMRMMMMMRMMMMMMRMMMMMRMMMMMRMMMMMRMMMMMMRMMMMMRMMMMMRMMMMMRMMMMMMRMMLMMMMRMMMMMRMMMMMRMMMMMMRMMMMMRMMMMMRMMMMMMRMMMMMRMMLMMMMRMMLMMMMRMMMMMRMMMMMRMMMMMRMMMMMRMMMMMRMMMMMRMMMMMRMMLMMMMRMMMMMRMMMMMRMMMMMRMMMMMRMMMMMRMMMMMRMMLMMMMRMMMMMRMMMMMRMMMMMRMMMMMMRMMMMMRMMLMMMMRMMLMMMMRMMMMMRMMMMMRM",2
2,"[45]PoHHHHIHGKHPJCliBbfpuHjIDLLyqvoDQBnvRPQDdgrBt",0.413636,45,"MMMMRMMMMMRMMMMMRMMMMMRMMMMMRMMMMMRMMMMMRMMMMMRMMLMMMMRMMMMMRMMMMMRMMMMMRMMMMMRMMMMMRMMMMMMRMMMMMRMMMMMRMMMMMRMMLMMMMRMMMMMRMMMMMRMMMMMMRMMMMMRMMMMMRMMMMMRMMMMMRMMMMMRMMMMMRMMMMMMRMMMMMMRMMMMMRMMMMMRMMLMMMMRMMLMMMMRMMMMMRMMMMMRMMMMMRMMMMMMRMMMMMRMMMMMRMMMMMRMMMMMRMMMMMRMMMMMRMMMMMMRMMMMMRMMMMMRMMMMMRMMLMMMMRMMMMMRMMMMMRMMMMMRMMMMMRMMLMMMMRMMMMMMRMMMMMRMMMMMRMMMMMRMMLMMMMRMMLMMMMRMMMMMRMMMMMRMMMMMRMMMMMRMMLMMMMRMMLMMMMRMMMMMMRMMMMMRMMMMMRMMMMMRMMLMMMMRMMLMMMMRMMMMMRMMMMMRMMMMMRMMMMMRMMLMMMMRMMLMMMMRMMMMMMRMMMMMRMMMMMRMMLMMMMRMMMMMRMMMMMMRMMMMMRMMMMMRMMMMMRMMMMMRMMLMMMMRMMLMMMMRMMMMMRMMMMMRMMMMMRMMMMMRMMMMMRMMLMMMMRMMLMMMMRMMLMMMMRMMMMMRMMMMMRMMMMMRMMMMMRMMMMMRMMLMMMMRMMLMMMMRMMLMMMMRMMMMMMRMMMMMRMMMMMRMMMMMRMMMMMRMMMMMRMMMMMRMMLMMMMRMMMMMRMMMMMRMMMMMRMMMMMRMMMMMRMMMMMMRMMMMMRMMLMMMMRMMMMMRMMMMMRMMMMMRMMMMMRMMMMMRMMMMMRMMMMMRMMLMMMMRMMLMMMMRM",3
3,"[45]PoHHHHIHGKHPJCliBbfpuHjIDLLyqvoDQBnvRPQDdgrBt",0.413636,45,"MMMMRMMMMMRMMMMMRMMMMMRMMMMMRMMMMMRMMMMMRMMMMMRMMLMMMMRMMMMMRMMMMMRMMMMMRMMMMMRMMMMMRMMMMMMRMMMMMRMMMMMRMMMMMRMMLMMMMRMMMMMRMMMMMRMMMMMMRMMMMMRMMMMMRMMMMMRMMMMMRMMMMMRMMMMMRMMMMMMRMMMMMMRMMMMMRMMMMMRMMLMMMMRMMLMMMMRMMMMMRMMMMMRMMMMMRMMMMMMRMMMMMRMMMMMRMMMMMRMMMMMRMMMMMRMMMMMRMMMMMMRMMMMMRMMMMMRMMMMMRMMLMMMMRMMMMMRMMMMMRMMMMMRMMMMMRMMLMMMMRMMMMMMRMMMMMRMMMMMRMMMMMRMMLMMMMRMMLMMMMRMMMMMRMMMMMRMMMMMRMMMMMRMMLMMMMRMMLMMMMRMMMMMMRMMMMMRMMMMMRMMMMMRMMLMMMMRMMLMMMMRMMMMMRMMMMMRMMMMMRMMMMMRMMLMMMMRMMLMMMMRMMMMMMRMMMMMRMMMMMRMMLMMMMRMMMMMRMMMMMMRMMMMMRMMMMMRMMMMMRMMMMMRMMLMMMMRMMLMMMMRMMMMMRMMMMMRMMMMMRMMMMMRMMMMMRMMLMMMMRMMLMMMMRMMLMMMMRMMMMMRMMMMMRMMMMMRMMMMMRMMMMMRMMLMMMMRMMLMMMMRMMLMMMMRMMMMMMRMMMMMRMMMMMRMMMMMRMMMMMRMMMMMRMMMMMRMMLMMMMRMMMMMRMMMMMRMMMMMRMMMMMRMMMMMRMMMMMMRMMMMMRMMLMMMMRMMMMMRMMMMMRMMMMMRMMMMMRMMMMMRMMMMMRMMMMMRMMLMMMMRMMLMMMMRM",3
4,"[45]PoHHHHIHGKHPJCliBbfpuHjIDLLyqvoDQBnvRPQDdgrBt",0.321875,45,"MMMMRMMMMMRMMMMMRMMMMMRMMMMMRMMMMMRMMMMMRMMMMMRMMLMMMMRMMMMMRMMMMMRMMMMMRMMMMMRMMMMMRMMMMMRMMMMMRMMLMMMMRMMMMMRMMMMMRMMMMMRMMMMMRMMMMMRMMMMMRMMMMMRMMLMMMMRMMMMMRMMMMMRMMMMMRMMMMMRMMMMMRMMMMMRMMMMMRMMLMMMMRMMMMMRMMMMMRMMMMMRMMMMMRMMMMMRMMMMMRMMMMMRMMLMMMMRMMMMMRMMMMMRMMMMMRMMMMMRMMMMMRMMMMMRMMMMMRMMLMMMMRMMMMMRMMMMMRMMMMMRMMMMMRMMMMMRMMMMMRMMMMMRMMLMMMMRMMMMMRMMMMMRMMLMMMMRMMMMMRMMMMMRMMMMMRMMMMMRMMMMMRMMMMMRMMMMMRMMLMMMMRMMMMMMRMMMMMRMMMMMRMMMMMRMMMMMMRMMMMMRMMMMMRMMLMMMMRMMMMMRMMMMMRMMMMMRMMMMMRMMMMMRMMMMMRMMMMMRMMMMMRMMLMMMMRMMMMMRMMMMMRMMMMMRMMMMMRMMMMMRMMMMMRMMLMMMMRMMLMMMMRMMMMMRMMMMMRMMMMMRMMMMMRMMMMMRMMLMMMMRMMLMMMMRMMMMMRMMLMMMMRMMLMMMMRMMMMMMRMMMMMRMMMMMRMMMMMRMMMMMRMMMMMRMMLMMMMRMMMMMRMMMMMRMMMMMRMMMMMRMMLMMMMRMMLMMMMRMMMMMMRMMMMMRMMMMMRMMMMMRMMLMMMMRMMMMMRMMMMMRMMMMMRMMMMMRMMLMMMMRMMMMMMRMMMMMRMMMMMRMMMMMRMMLMMMMRMMLMMMMRM",0
5,"[45]PoHHHHIHGKHPJCliBbfpuHjIDLLyqvoDQBnvRPQDdgrBt",0.413636,45,"MMMMRMMMMMRMMMMMRMMMMMRMMMMMRMMMMMRMMMMMRMMMMMRMMLMMMMRMMMMMRMMMMMRMMMMMRMMMMMRMMMMMRMMMMMMRMMMMMRMMMMMRMMMMMRMMLMMMMRMMMMMRMMMMMRMMMMMMRMMMMMRMMMMMRMMMMMRMMMMMRMMMMMRMMMMMRMMMMMMRMMMMMMRMMMMMRMMMMMRMMLMMMMRMMLMMMMRMMMMMRMMMMMRMMMMMRMMMMMMRMMMMMRMMMMMRMMMMMRMMMMMRMMMMMRMMMMMRMMMMMMRMMMMMRMMMMMRMMMMMRMMLMMMMRMMMMMRMMMMMRMMMMMRMMMMMRMMLMMMMRMMMMMMRMMMMMRMMMMMRMMMMMRMMLMMMMRMMLMMMMRMMMMMRMMMMMRMMMMMRMMMMMRMMLMMMMRMMLMMMMRMMMMMMRMMMMMRMMMMMRMMMMMRMMLMMMMRMMLMMMMRMMMMMRMMMMMRMMMMMRMMMMMRMMLMMMMRMMLMMMMRMMMMMMRMMMMMRMMMMMRMMLMMMMRMMMMMRMMMMMMRMMMMMRMMMMMRMMMMMRMMMMMRMMLMMMMRMMLMMMMRMMMMMRMMMMMRMMMMMRMMMMMRMMMMMRMMLMMMMRMMLMMMMRMMLMMMMRMMMMMRMMMMMRMMMMMRMMMMMRMMMMMRMMLMMMMRMMLMMMMRMMLMMMMRMMMMMMRMMMMMRMMMMMRMMMMMRMMMMMRMMMMMRMMMMMRMMLMMMMRMMMMMRMMMMMRMMMMMRMMMMMRMMMMMRMMMMMMRMMMMMRMMLMMMMRMMMMMRMMMMMRMMMMMRMMMMMRMMMMMRMMMMMRMMMMMRMMLMMMMRMMLMMMMRM",3
6,"[45]PoHHHHIHGKHPJCliBbfpuHjIDLLyqvoDQBnvRPQDdgrBt",0.413636,45,"MMMMRMMMMMRMMMMMRMMMMMRMMMMMRMMMMMRMMMMMRMMMMMRMMLMMMMRMMMMMRMMMMMRMMMMMRMMMMMRMMMMMRMMMMMMRMMMMMRMMMMMRMMMMMRMMLMMMMRMMMMMRMMMMMRMMMMMMRMMMMMRMMMMMRMMMMMRMMMMMRMMMMMRMMMMMRMMMMMMRMMMMMMRMMMMMRMMMMMRMMLMMMMRMMLMMMMRMMMMMRMMMMMRMMMMMRMMMMMMRMMMMMRMMMMMRMMMMMRMMMMMRMMMMMRMMMMMRMMMMMMRMMMMMRMMMMMRMMMMMRMMLMMMMRMMMMMRMMMMMRMMMMMRMMMMMRMMLMMMMRMMMMMMRMMMMMRMMMMMRMMMMMRMMLMMMMRMMLMMMMRMMMMMRMMMMMRMMMMMRMMMMMRMMLMMMMRMMLMMMMRMMMMMMRMMMMMRMMMMMRMMMMMRMMLMMMMRMMLMMMMRMMMMMRMMMMMRMMMMMRMMMMMRMMLMMMMRMMLMMMMRMMMMMMRMMMMMRMMMMMRMMLMMMMRMMMMMRMMMMMMRMMMMMRMMMMMRMMMMMRMMMMMRMMLMMMMRMMLMMMMRMMMMMRMMMMMRMMMMMRMMMMMRMMMMMRMMLMMMMRMMLMMMMRMMLMMMMRMMMMMRMMMMMRMMMMMRMMMMMRMMMMMRMMLMMMMRMMLMMMMRMMLMMMMRMMMMMMRMMMMMRMMMMMRMMMMMRMMMMMRMMMMMRMMMMMRMMLMMMMRMMMMMRMMMMMRMMMMMRMMMMMRMMMMMRMMMMMMRMMMMMRMMLMMMMRMMMMMRMMMMMRMMMMMRMMMMMRMMMMMRMMMMMRMMMMMRMMLMMMMRMMLMMMMRM",3
7,"[45]PoHHHHIHGKHPJCliBbfpuHjIDLLyqvoDQBnvRPQDdgrBt",0.321875,45,"MMMMRMMMMMRMMMMMRMMMMMRMMMMMRMMMMMRMMMMMRMMMMMRMMLMMMMRMMMMMRMMMMMRMMMMMRMMMMMRMMMMMRMMMMMRMMMMMRMMLMMMMRMMMMMRMMMMMRMMMMMRMMMMMRMMMMMRMMMMMRMMMMMRMMLMMMMRMMMMMRMMMMMRMMMMMRMMMMMRMMMMMRMMMMMRMMMMMRMMLMMMMRMMMMMRMMMMMRMMMMMRMMMMMRMMMMMRMMMMMRMMMMMRMMLMMMMRMMMMMRMMMMMRMMMMMRMMMMMRMMMMMRMMMMMRMMMMMRMMLMMMMRMMMMMRMMMMMRMMMMMRMMMMMRMMMMMRMMMMMRMMMMMRMMLMMMMRMMMMMRMMMMMRMMLMMMMRMMMMMRMMMMMRMMMMMRMMMMMRMMMMMRMMMMMRMMMMMRMMLMMMMRMMMMMMRMMMMMRMMMMMRMMMMMRMMMMMMRMMMMMRMMMMMRMMLMMMMRMMMMMRMMMMMRMMMMMRMMMMMRMMMMMRMMMMMRMMMMMRMMMMMRMMLMMMMRMMMMMRMMMMMRMMMMMRMMMMMRMMMMMRMMMMMRMMLMMMMRMMLMMMMRMMMMMRMMMMMRMMMMMRMMMMMRMMMMMRMMLMMMMRMMLMMMMRMMMMMRMMLMMMMRMMLMMMMRMMMMMMRMMMMMRMMMMMRMMMMMRMMMMMRMMMMMRMMLMMMMRMMMMMRMMMMMRMMMMMRMMMMMRMMLMMMMRMMLMMMMRMMMMMMRMMMMMRMMMMMRMMMMMRMMLMMMMRMMMMMRMMMMMRMMMMMRMMMMMRMMLMMMMRMMMMMMRMMMMMRMMMMMRMMMMMRMMLMMMMRMMLMMMMRM",4
8,"[45]PoHHHHIHGKHPJCliBbfpuHjIDLLyqvoDQBnvRPQDdgrBt",0.321875,45,"MMMMRMMMMMRMMMMMRMMMMMRMMMMMRMMMMMRMMMMMRMMMMMRMMLMMMMRMMMMMRMMMMMRMMMMMRMMMMMRMMMMMRMMMMMRMMMMMRMMLMMMMRMMMMMRMMMMMRMMMMMRMMMMMRMMMMMRMMMMMRMMMMMRMMLMMMMRMMMMMRMMMMMRMMMMMRMMMMMRMMMMMRMMMMMRMMMMMRMMLMMMMRMMMMMRMMMMMRMMMMMRMMMMMRMMMMMRMMMMMRMMMMMRMMLMMMMRMMMMMRMMMMMRMMMMMRMMMMMRMMMMMRMMMMMRMMMMMRMMLMMMMRMMMMMRMMMMMRMMMMMRMMMMMRMMMMMRMMMMMRMMMMMRMMLMMMMRMMMMMRMMMMMRMMLMMMMRMMMMMRMMMMMRMMMMMRMMMMMRMMMMMRMMMMMRMMMMMRMMLMMMMRMMMMMMRMMMMMRMMMMMRMMMMMRMMMMMMRMMMMMRMMMMMRMMLMMMMRMMMMMRMMMMMRMMMMMRMMMMMRMMMMMRMMMMMRMMMMMRMMMMMRMMLMMMMRMMMMMRMMMMMRMMMMMRMMMMMRMMMMMRMMMMMRMMLMMMMRMMLMMMMRMMMMMRMMMMMRMMMMMRMMMMMRMMMMMRMMLMMMMRMMLMMMMRMMMMMRMMLMMMMRMMLMMMMRMMMMMMRMMMMMRMMMMMRMMMMMRMMMMMRMMMMMRMMLMMMMRMMMMMRMMMMMRMMMMMRMMMMMRMMLMMMMRMMLMMMMRMMMMMMRMMMMMRMMMMMRMMMMMRMMLMMMMRMMMMMRMMMMMRMMMMMRMMMMMRMMLMMMMRMMMMMMRMMMMMRMMMMMRMMMMMRMMLMMMMRMMLMMMMRM",0
9,"[45]PoHHHHIHGKHPJCliBbfpuHjIDLLyqvoDQBnvRPQDdgrBt",0.413636,45,"MMMMRMMMMMRMMMMMRMMMMMRMMMMMRMMMMMRMMMMMRMMMMMRMMLMMMMRMMMMMRMMMMMRMMMMMRMMMMMRMMMMMRMMMMMMRMMMMMRMMMMMRMMMMMRMMLMMMMRMMMMMRMMMMMRMMMMMMRMMMMMRMMMMMRMMMMMRMMMMMRMMMMMRMMMMMRMMMMMMRMMMMMMRMMMMMRMMMMMRMMLMMMMRMMLMMMMRMMMMMRMMMMMRMMMMMRMMMMMMRMMMMMRMMMMMRMMMMMRMMMMMRMMMMMRMMMMMRMMMMMMRMMMMMRMMMMMRMMMMMRMMLMMMMRMMMMMRMMMMMRMMMMMRMMMMMRMMLMMMMRMMMMMMRMMMMMRMMMMMRMMMMMRMMLMMMMRMMLMMMMRMMMMMRMMMMMRMMMMMRMMMMMRMMLMMMMRMMLMMMMRMMMMMMRMMMMMRMMMMMRMMMMMRMMLMMMMRMMLMMMMRMMMMMRMMMMMRMMMMMRMMMMMRMMLMMMMRMMLMMMMRMMMMMMRMMMMMRMMMMMRMMLMMMMRMMMMMRMMMMMMRMMMMMRMMMMMRMMMMMRMMMMMRMMLMMMMRMMLMMMMRMMMMMRMMMMMRMMMMMRMMMMMRMMMMMRMMLMMMMRMMLMMMMRMMLMMMMRMMMMMRMMMMMRMMMMMRMMMMMRMMMMMRMMLMMMMRMMLMMMMRMMLMMMMRMMMMMMRMMMMMRMMMMMRMMMMMRMMMMMRMMMMMRMMMMMRMMLMMMMRMMMMMRMMMMMRMMMMMRMMMMMRMMMMMRMMMMMMRMMMMMRMMLMMMMRMMMMMRMMMMMRMMMMMRMMMMMRMMMMMRMMMMMRMMMMMRMMLMMMMRMMLMMMMRM",3
10,"[45]PoHHHHIHGKHPJCliBbfpuHjIDLLyqvoDQBnvRPQDdgrBt",0.413636,45,"MMMMRMMMMMRMMMMMRMMMMMRMMMMMRMMMMMRMMMMMRMMMMMRMMLMMMMRMMMMMRMMMMMRMMMMMRMMMMMRMMMMMRMMMMMMRMMMMMRMMMMMRMMMMMRMMLMMMMRMMMMMRMMMMMRMMMMMMRMMMMMRMMMMMRMMMMMRMMMMMRMMMMMRMMMMMRMMMMMMRMMMMMMRMMMMMRMMMMMRMMLMMMMRMMLMMMMRMMMMMRMMMMMRMMMMMRMMMMMMRMMMMMRMMMMMRMMMMMRMMMMMRMMMMMRMMMMMRMMMMMMRMMMMMRMMMMMRMMMMMRMMLMMMMRMMMMMRMMMMMRMMMMMRMMMMMRMMLMMMMRMMMMMMRMMMMMRMMMMMRMMMMMRMMLMMMMRMMLMMMMRMMMMMRMMMMMRMMMMMRMMMMMRMMLMMMMRMMLMMMMRMMMMMMRMMMMMRMMMMMRMMMMMRMMLMMMMRMMLMMMMRMMMMMRMMMMMRMMMMMRMMMMMRMMLMMMMRMMLMMMMRMMMMMMRMMMMMRMMMMMRMMLMMMMRMMMMMRMMMMMMRMMMMMRMMMMMRMMMMMRMMMMMRMMLMMMMRMMLMMMMRMMMMMRMMMMMRMMMMMRMMMMMRMMMMMRMMLMMMMRMMLMMMMRMMLMMMMRMMMMMRMMMMMRMMMMMRMMMMMRMMMMMRMMLMMMMRMMLMMMMRMMLMMMMRMMMMMMRMMMMMRMMMMMRMMMMMRMMMMMRMMMMMRMMMMMRMMLMMMMRMMMMMRMMMMMRMMMMMRMMMMMRMMMMMRMMMMMMRMMMMMRMMLMMMMRMMMMMRMMMMMRMMMMMRMMMMMRMMMMMRMMMMMRMMMMMRMMLMMMMRMMLMMMMRM",3
11,"[45]PoHHHHIHGKHPJCliBbfpuHjIDLLyqvoDQBnvRPQDdgrBt",0.417045,45,"MMMMRMMMMMRMMMMMRMMMMMRMMMMMRMMMMMRMMMMMRMMMMMRMMLMMMMRMMMMMRMMMMMRMMMMMRMMMMMRMMMMMRMMMMMRMMMMMRMMLMMMMRMMMMMRMMMMMRMMMMMRMMMMMRMMMMMRMMMMMRMMMMMRMMLMMMMRMMMMMRMMMMMRMMMMMRMMMMMRMMMMMRMMMMMRMMMMMRMMLMMMMRMMMMMRMMMMMRMMMMMRMMMMMRMMMMMRMMMMMRMMMMMRMMLMMMMRMMMMMRMMMMMRMMMMMRMMMMMRMMMMMRMMMMMRMMMMMRMMLMMMMRMMMMMRMMMMMRMMMMMRMMMMMRMMMMMRMMMMMRMMMMMRMMLMMMMRMMMMMRMMMMMRMMLMMMMRMMMMMRMMMMMRMMMMMRMMMMMRMMMMMRMMMMMRMMMMMRMMLMMMMRMMMMMMRMMMMMRMMMMMRMMMMMRMMMMMRMMMMMRMMMMMRMMLMMMMRMMMMMRMMMMMRMMMMMRMMMMMRMMMMMRMMMMMRMMMMMMRMMMMMRMMLMMMMRMMMMMRMMMMMRMMMMMRMMMMMRMMMMMRMMMMMMRMMMMMRMMMMMRMMMMMRMMMMMMRMMMMMRMMMMMRMMMMMRMMMMMMRMMLMMMMRMMMMMRMMMMMRMMMMMMRMMMMMRMMMMMRMMMMMMRMMMMMRMMLMMMMRMMLMMMMRMMMMMRMMMMMRMMMMMRMMMMMRMMMMMRMMMMMRMMMMMRMMLMMMMRMMMMMRMMMMMRMMMMMRMMMMMRMMMMMRMMMMMRMMLMMMMRMMMMMRMMMMMRMMMMMRMMMMMMRMMMMMRMMLMMMMRMMLMMMMRMMMMMRMMMMMRM",2
12,"[45]PoHHHHIHGKHPJCliBbfpuHjIDLLyqvoDQBnvRPQDdgrBt",0.413636,45,"MMMMRMMMMMRMMMMMRMMMMMRMMMMMRMMMMMRMMMMMRMMMMMRMMLMMMMRMMMMMRMMMMMRMMMMMRMMMMMRMMMMMRMMMMMMRMMMMMRMMMMMRMMMMMRMMLMMMMRMMMMMRMMMMMRMMMMMMRMMMMMRMMMMMRMMMMMRMMMMMRMMMMMRMMMMMRMMMMMMRMMMMMMRMMMMMRMMMMMRMMLMMMMRMMLMMMMRMMMMMRMMMMMRMMMMMRMMMMMMRMMMMMRMMMMMRMMMMMRMMMMMRMMMMMRMMMMMRMMMMMMRMMMMMRMMMMMRMMMMMRMMLMMMMRMMMMMRMMMMMRMMMMMRMMMMMRMMLMMMMRMMMMMMRMMMMMRMMMMMRMMMMMRMMLMMMMRMMLMMMMRMMMMMRMMMMMRMMMMMRMMMMMRMMLMMMMRMMLMMMMRMMMMMMRMMMMMRMMMMMRMMMMMRMMLMMMMRMMLMMMMRMMMMMRMMMMMRMMMMMRMMMMMRMMLMMMMRMMLMMMMRMMMMMMRMMMMMRMMMMMRMMLMMMMRMMMMMRMMMMMMRMMMMMRMMMMMRMMMMMRMMMMMRMMLMMMMRMMLMMMMRMMMMMRMMMMMRMMMMMRMMMMMRMMMMMRMMLMMMMRMMLMMMMRMMLMMMMRMMMMMRMMMMMRMMMMMRMMMMMRMMMMMRMMLMMMMRMMLMMMMRMMLMMMMRMMMMMMRMMMMMRMMMMMRMMMMMRMMMMMRMMMMMRMMMMMRMMLMMMMRMMMMMRMMMMMRMMMMMRMMMMMRMMMMMRMMMMMMRMMMMMRMMLMMMMRMMMMMRMMMMMRMMMMMRMMMMMRMMMMMRMMMMMRMMMMMRMMLMMMMRMMLMMMMRM",3
13,"[45]PoHHHHIHGKHPJCliBbfpuHjIDLLyqvoDQBnvRPQDdgrBt",0.321875,45,"MMMMRMMMMMRMMMMMRMMMMMRMMMMMRMMMMMRMMMMMRMMMMMRMMLMMMMRMMMMMRMMMMMRMMMMMRMMMMMRMMMMMRMMMMMRMMMMMRMMLMMMMRMMMMMRMMMMMRMMMMMRMMMMMRMMMMMRMMMMMRMMMMMRMMLMMMMRMMMMMRMMMMMRMMMMMRMMMMMRMMMMMRMMMMMRMMMMMRMMLMMMMRMMMMMRMMMMMRMMMMMRMMMMMRMMMMMRMMMMMRMMMMMRMMLMMMMRMMMMMRMMMMMRMMMMMRMMMMMRMMMMMRMMMMMRMMMMMRMMLMMMMRMMMMMRMMMMMRMMMMMRMMMMMRMMMMMRMMMMMRMMMMMRMMLMMMMRMMMMMRMMMMMRMMLMMMMRMMMMMRMMMMMRMMMMMRMMMMMRMMMMMRMMMMMRMMMMMRMMLMMMMRMMMMMMRMMMMMRMMMMMRMMMMMRMMMMMMRMMMMMRMMMMMRMMLMMMMRMMMMMRMMMMMRMMMMMRMMMMMRMMMMMRMMMMMRMMMMMRMMMMMRMMLMMMMRMMMMMRMMMMMRMMMMMRMMMMMRMMMMMRMMMMMRMMLMMMMRMMLMMMMRMMMMMRMMMMMRMMMMMRMMMMMRMMMMMRMMLMMMMRMMLMMMMRMMMMMRMMLMMMMRMMLMMMMRMMMMMMRMMMMMRMMMMMRMMMMMRMMMMMRMMMMMRMMLMMMMRMMMMMRMMMMMRMMMMMRMMMMMRMMLMMMMRMMLMMMMRMMMMMMRMMMMMRMMMMMRMMMMMRMMLMMMMRMMMMMRMMMMMRMMMMMRMMMMMRMMLMMMMRMMMMMMRMMMMMRMMMMMRMMMMMRMMLMMMMRMMLMMMMRM",4
14,"[45]PoHHHHIHGKHPJCliBbfpuHjIDLLyqvoDQBnvRPQDdgrBt",0.424745,45,"MMMMRMMMMMRMMMMMRMMMMMRMMMMMRMMMMMRMMMMMRMMMMMRMMLMMMMRMMMMMRMMMMMRMMMMMRMMMMMRMMMMMRMMMMMRMMMMMRMMLMMMMRMMMMMRMMMMMRMMMMMMRMMMMMRMMMMMRMMMMMRMMMMMRMMLMMMMRMMMMMRMMMMMRMMMMMRMMMMMMRMMMMMRMMMMMRMMMMMRMMLMMMMRMMMMMRMMMMMRMMMMMRMMMMMRMMMMMRMMLMMMMRMMMMMMRMMMMMRMMMMMRMMMMMRMMMMMRMMLMMMMRMMMMMRMMMMMRMMMMMMRMMMMMRMMMMMRMMLMMMMRMMMMMRMMMMMRMMMMMRMMMMMRMMMMMRMMLMMMMRMMMMMRMMMMMRMMMMMRMMMMMRMMLMMMMRMMLMMMMRMMMMMRMMMMMRMMMMMRMMLMMMMRMMMMMRMMMMMRMMLMMMMRMMMMMRMMMMMMRMMLMMMMRMMMMMRMMMMMRMMMMMRMMMMMRMMMMMRMMMMMRMMLMMMMRMMLMMMMRMMMMMRMMMMMRMMMMMRMMMMMRMMMMMRMMMMMRMMLMMMMRMMMMMRMMMMMRMMMMMRMMMMMRMMMMMRMMMMMRMMMMMRMMLMMMMRMMLMMMMRMMMMMRMMMMMRMMMMMRMMMMMRMMMMMRMMMMMRMMMMMMRMMMMMRMMMMMRMMMMMRMMMMMRMMMMMRMMMMMRMMMMMRMMLMMMMRMMLMMMMRMMLMMMMRMMLMMMMRMMMMMRMMMMMRMMMMMRMMMMMRMMMMMRMMMMMRMMMMMRMMLMMMMRMMMMMRMMMMMRMMMMMRMMMMMRMMMMMRMMMMMRMMMMMRMMLMMMMRMMMMMRM",1
15,"[45]PoHHHHIHGKHPJCliBbfpuHjIDLLyqvoDQBnvRPQDdgrBt",0.424745,45,"MMMMRMMMMMRMMMMMRMMMMMRMMMMMRMMMMMRMMMMMRMMMMMRMMLMMMMRMMMMMRMMMMMRMMMMMRMMMMMRMMMMMRMMMMMRMMMMMRMMLMMMMRMMMMMRMMMMMRMMMMMMRMMMMMRMMMMMRMMMMMRMMMMMRMMLMMMMRMMMMMRMMMMMRMMMMMRMMMMMMRMMMMMRMMMMMRMMMMMRMMLMMMMRMMMMMRMMMMMRMMMMMRMMMMMRMMMMMRMMLMMMMRMMMMMMRMMMMMRMMMMMRMMMMMRMMMMMRMMLMMMMRMMMMMRMMMMMRMMMMMMRMMMMMRMMMMMRMMLMMMMRMMMMMRMMMMMRMMMMMRMMMMMRMMMMMRMMLMMMMRMMMMMRMMMMMRMMMMMRMMMMMRMMLMMMMRMMLMMMMRMMMMMRMMMMMRMMMMMRMMLMMMMRMMMMMRMMMMMRMMLMMMMRMMMMMRMMMMMMRMMLMMMMRMMMMMRMMMMMRMMMMMRMMMMMRMMMMMRMMMMMRMMLMMMMRMMLMMMMRMMMMMRMMMMMRMMMMMRMMMMMRMMMMMRMMMMMRMMLMMMMRMMMMMRMMMMMRMMMMMRMMMMMRMMMMMRMMMMMRMMMMMRMMLMMMMRMMLMMMMRMMMMMRMMMMMRMMMMMRMMMMMRMMMMMRMMMMMRMMMMMMRMMMMMRMMMMMRMMMMMRMMMMMRMMMMMRMMMMMRMMMMMRMMLMMMMRMMLMMMMRMMLMMMMRMMLMMMMRMMMMMRMMMMMRMMMMMRMMMMMRMMMMMRMMMMMRMMMMMRMMLMMMMRMMMMMRMMMMMRMMMMMRMMMMMRMMMMMRMMMMMRMMMMMRMMLMMMMRMMMMMRM",1
16,"[45]PoHHHHIHGKHPJCliBbfpuHjIDLLyqvoDQBnvRPQDdgrBt",0.321875,45,"MMMMRMMMMMRMMMMMRMMMMMRMMMMMRMMMMMRMMMMMRMMMMMRMMLMMMMRMMMMMRMMMMMRMMMMMRMMMMMRMMMMMRMMMMMRMMMMMRMMLMMMMRMMMMMRMMMMMRMMMMMRMMMMMRMMMMMRMMMMMRMMMMMRMMLMMMMRMMMMMRMMMMMRMMMMMRMMMMMRMMMMMRMMMMMRMMMMMRMMLMMMMRMMMMMRMMMMMRMMMMMRMMMMMRMMMMMRMMMMMRMMMMMRMMLMMMMRMMMMMRMMMMMRMMMMMRMMMMMRMMMMMRMMMMMRMMMMMRMMLMMMMRMMMMMRMMMMMRMMMMMRMMMMMRMMMMMRMMMMMRMMMMMRMMLMMMMRMMMMMRMMMMMRMMLMMMMRMMMMMRMMMMMRMMMMMRMMMMMRMMMMMRMMMMMRMMMMMRMMLMMMMRMMMMMMRMMMMMRMMMMMRMMMMMRMMMMMMRMMMMMRMMMMMRMMLMMMMRMMMMMRMMMMMRMMMMMRMMMMMRMMMMMRMMMMMRMMMMMRMMMMMRMMLMMMMRMMMMMRMMMMMRMMMMMRMMMMMRMMMMMRMMMMMRMMLMMMMRMMLMMMMRMMMMMRMMMMMRMMMMMRMMMMMRMMMMMRMMLMMMMRMMLMMMMRMMMMMRMMLMMMMRMMLMMMMRMMMMMMRMMMMMRMMMMMRMMMMMRMMMMMRMMMMMRMMLMMMMRMMMMMRMMMMMRMMMMMRMMMMMRMMLMMMMRMMLMMMMRMMMMMMRMMMMMRMMMMMRMMMMMRMMLMMMMRMMMMMRMMMMMRMMMMMRMMMMMRMMLMMMMRMMMMMMRMMMMMRMMMMMRMMMMMRMMLMMMMRMMLMMMMRM",4
17,"[45]PoHHHHIHGKHPJCliBbfpuHjIDLLyqvoDQBnvRPQDdgrBt",0.321875,45,"MMMMRMMMMMRMMMMMRMMMMMRMMMMMRMMMMMRMMMMMRMMMMMRMMLMMMMRMMMMMRMMMMMRMMMMMRMMMMMRMMMMMRMMMMMRMMMMMRMMLMMMMRMMMMMRMMMMMRMMMMMRMMMMMRMMMMMRMMMMMRMMMMMRMMLMMMMRMMMMMRMMMMMRMMMMMRMMMMMRMMMMMRMMMMMRMMMMMRMMLMMMMRMMMMMRMMMMMRMMMMMRMMMMMRMMMMMRMMMMMRMMMMMRMMLMMMMRMMMMMRMMMMMRMMMMMRMMMMMRMMMMMRMMMMMRMMMMMRMMLMMMMRMMMMMRMMMMMRMMMMMRMMMMMRMMMMMRMMMMMRMMMMMRMMLMMMMRMMMMMRMMMMMRMMLMMMMRMMMMMRMMMMMRMMMMMRMMMMMRMMMMMRMMMMMRMMMMMRMMLMMMMRMMMMMMRMMMMMRMMMMMRMMMMMRMMMMMMRMMMMMRMMMMMRMMLMMMMRMMMMMRMMMMMRMMMMMRMMMMMRMMMMMRMMMMMRMMMMMRMMMMMRMMLMMMMRMMMMMRMMMMMRMMMMMRMMMMMRMMMMMRMMMMMRMMLMMMMRMMLMMMMRMMMMMRMMMMMRMMMMMRMMMMMRMMMMMRMMLMMMMRMMLMMMMRMMMMMRMMLMMMMRMMLMMMMRMMMMMMRMMMMMRMMMMMRMMMMMRMMMMMRMMMMMRMMLMMMMRMMMMMRMMMMMRMMMMMRMMMMMRMMLMMMMRMMLMMMMRMMMMMMRMMMMMRMMMMMRMMMMMRMMLMMMMRMMMMMRMMMMMRMMMMMRMMMMMRMMLMMMMRMMMMMMRMMMMMRMMMMMRMMMMMRMMLMMMMRMMLMMMMRM",4
18,"[45]PoHHHHIHGKHPJCliBbfpuHjIDLLyqvoDQBnvRPQDdgrBt",0.417045,45,"MMMMRMMMMMRMMMMMRMMMMMRMMMMMRMMMMMRMMMMMRMMMMMRMMLMMMMRMMMMMRMMMMMRMMMMMRMMMMMRMMMMMRMMMMMRMMMMMRMMLMMMMRMMMMMRMMMMMRMMMMMRMMMMMRMMMMMRMMMMMRMMMMMRMMLMMMMRMMMMMRMMMMMRMMMMMRMMMMMRMMMMMRMMMMMRMMMMMRMMLMMMMRMMMMMRMMMMMRMMMMMRMMMMMRMMMMMRMMMMMRMMMMMRMMLMMMMRMMMMMRMMMMMRMMMMMRMMMMMRMMMMMRMMMMMRMMMMMRMMLMMMMRMMMMMRMMMMMRMMMMMRMMMMMRMMMMMRMMMMMRMMMMMRMMLMMMMRMMMMMRMMMMMRMMLMMMMRMMMMMRMMMMMRMMMMMRMMMMMRMMMMMRMMMMMRMMMMMRMMLMMMMRMMMMMMRMMMMMRMMMMMRMMMMMRMMMMMRMMMMMRMMMMMRMMLMMMMRMMMMMRMMMMMRMMMMMRMMMMMRMMMMMRMMMMMRMMMMMMRMMMMMRMMLMMMMRMMMMMRMMMMMRMMMMMRMMMMMRMMMMMRMMMMMMRMMMMMRMMMMMRMMMMMRMMMMMMRMMMMMRMMMMMRMMMMMRMMMMMMRMMLMMMMRMMMMMRMMMMMRMMMMMMRMMMMMRMMMMMRMMMMMMRMMMMMRMMLMMMMRMMLMMMMRMMMMMRMMMMMRMMMMMRMMMMMRMMMMMRMMMMMRMMMMMRMMLMMMMRMMMMMRMMMMMRMMMMMRMMMMMRMMMMMRMMMMMRMMLMMMMRMMMMMRMMMMMRMMMMMRMMMMMMRMMMMMRMMLMMMMRMMLMMMMRMMMMMRMMMMMRM",2
19,"[45]PoHHHHIHGKHPJCliBbfpuHjIDLLyqvoDQBnvRPQDdgrBt",0.321875,45,"MMMMRMMMMMRMMMMMRMMMMMRMMMMMRMMMMMRMMMMMRMMMMMRMMLMMMMRMMMMMRMMMMMRMMMMMRMMMMMRMMMMMRMMMMMRMMMMMRMMLMMMMRMMMMMRMMMMMRMMMMMRMMMMMRMMMMMRMMMMMRMMMMMRMMLMMMMRMMMMMRMMMMMRMMMMMRMMMMMRMMMMMRMMMMMRMMMMMRMMLMMMMRMMMMMRMMMMMRMMMMMRMMMMMRMMMMMRMMMMMRMMMMMRMMLMMMMRMMMMMRMMMMMRMMMMMRMMMMMRMMMMMRMMMMMRMMMMMRMMLMMMMRMMMMMRMMMMMRMMMMMRMMMMMRMMMMMRMMMMMRMMMMMRMMLMMMMRMMMMMRMMMMMRMMLMMMMRMMMMMRMMMMMRMMMMMRMMMMMRMMMMMRMMMMMRMMMMMRMMLMMMMRMMMMMMRMMMMMRMMMMMRMMMMMRMMMMMMRMMMMMRMMMMMRMMLMMMMRMMMMMRMMMMMRMMMMMRMMMMMRMMMMMRMMMMMRMMMMMRMMMMMRMMLMMMMRMMMMMRMMMMMRMMMMMRMMMMMRMMMMMRMMMMMRMMLMMMMRMMLMMMMRMMMMMRMMMMMRMMMMMRMMMMMRMMMMMRMMLMMMMRMMLMMMMRMMMMMRMMLMMMMRMMLMMMMRMMMMMMRMMMMMRMMMMMRMMMMMRMMMMMRMMMMMRMMLMMMMRMMMMMRMMMMMRMMMMMRMMMMMRMMLMMMMRMMLMMMMRMMMMMMRMMMMMRMMMMMRMMMMMRMMLMMMMRMMMMMRMMMMMRMMMMMRMMMMMRMMLMMMMRMMMMMMRMMMMMRMMMMMRMMMMMRMMLMMMMRMMLMMMMRM",0
20,"[45]PoHHHHIHGKHPJCliBbfpuHjIDLLyqvoDQBnvRPQDdgrBt",0.424745,45,"MMMMRMMMMMRMMMMMRMMMMMRMMMMMRMMMMMRMMMMMRMMMMMRMMLMMMMRMMMMMRMMMMMRMMMMMRMMMMMRMMMMMRMMMMMRMMMMMRMMLMMMMRMMMMMRMMMMMRMMMMMMRMMMMMRMMMMMRMMMMMRMMMMMRMMLMMMMRMMMMMRMMMMMRMMMMMRMMMMMMRMMMMMRMMMMMRMMMMMRMMLMMMMRMMMMMRMMMMMRMMMMMRMMMMMRMMMMMRMMLMMMMRMMMMMMRMMMMMRMMMMMRMMMMMRMMMMMRMMLMMMMRMMMMMRMMMMMRMMMMMMRMMMMMRMMMMMRMMLMMMMRMMMMMRMMMMMRMMMMMRMMMMMRMMMMMRMMLMMMMRMMMMMRMMMMMRMMMMMRMMMMMRMMLMMMMRMMLMMMMRMMMMMRMMMMMRMMMMMRMMLMMMMRMMMMMRMMMMMRMMLMMMMRMMMMMRMMMMMMRMMLMMMMRMMMMMRMMMMMRMMMMMRMMMMMRMMMMMRMMMMMRMMLMMMMRMMLMMMMRMMMMMRMMMMMRMMMMMRMMMMMRMMMMMRMMMMMRMMLMMMMRMMMMMRMMMMMRMMMMMRMMMMMRMMMMMRMMMMMRMMMMMRMMLMMMMRMMLMMMMRMMMMMRMMMMMRMMMMMRMMMMMRMMMMMRMMMMMRMMMMMMRMMMMMRMMMMMRMMMMMRMMMMMRMMMMMRMMMMMRMMMMMRMMLMMMMRMMLMMMMRMMLMMMMRMMLMMMMRMMMMMRMMMMMRMMMMMRMMMMMRMMMMMRMMMMMRMMMMMRMMLMMMMRMMMMMRMMMMMRMMMMMRMMMMMRMMMMMRMMMMMRMMMMMRMMLMMMMRMMMMMRM",1
21,"[45]PoHHHHIHGKHPJCliBbfpuHjIDLLyqvoDQBnvRPQDdgrBt",0.321875,45,"MMMMRMMMMMRMMMMMRMMMMMRMMMMMRMMMMMRMMMMMRMMMMMRMMLMMMMRMMMMMRMMMMMRMMMMMRMMMMMRMMMMMRMMMMMRMMMMMRMMLMMMMRMMMMMRMMMMMRMMMMMRMMMMMRMMMMMRMMMMMRMMMMMRMMLMMMMRMMMMMRMMMMMRMMMMMRMMMMMRMMMMMRMMMMMRMMMMMRMMLMMMMRMMMMMRMMMMMRMMMMMRMMMMMRMMMMMRMMMMMRMMMMMRMMLMMMMRMMMMMRMMMMMRMMMMMRMMMMMRMMMMMRMMMMMRMMMMMRMMLMMMMRMMMMMRMMMMMRMMMMMRMMMMMRMMMMMRMMMMMRMMMMMRMMLMMMMRMMMMMRMMMMMRMMLMMMMRMMMMMRMMMMMRMMMMMRMMMMMRMMMMMRMMMMMRMMMMMRMMLMMMMRMMMMMMRMMMMMRMMMMMRMMMMMRMMMMMMRMMMMMRMMMMMRMMLMMMMRMMMMMRMMMMMRMMMMMRMMMMMRMMMMMRMMMMMRMMMMMRMMMMMRMMLMMMMRMMMMMRMMMMMRMMMMMRMMMMMRMMMMMRMMMMMRMMLMMMMRMMLMMMMRMMMMMRMMMMMRMMMMMRMMMMMRMMMMMRMMLMMMMRMMLMMMMRMMMMMRMMLMMMMRMMLMMMMRMMMMMMRMMMMMRMMMMMRMMMMMRMMMMMRMMMMMRMMLMMMMRMMMMMRMMMMMRMMMMMRMMMMMRMMLMMMMRMMLMMMMRMMMMMMRMMMMMRMMMMMRMMMMMRMMLMMMMRMMMMMRMMMMMRMMMMMRMMMMMRMMLMMMMRMMMMMMRMMMMMRMMMMMRMMMMMRMMLMMMMRMMLMMMMRM",0
22,"[45]PoHHHHIHGKHPJCliBbfpuHjIDLLyqvoDQBnvRPQDdgrBt",0.321875,45,"MMMMRMMMMMRMMMMMRMMMMMRMMMMMRMMMMMRMMMMMRMMMMMRMMLMMMMRMMMMMRMMMMMRMMMMMRMMMMMRMMMMMRMMMMMRMMMMMRMMLMMMMRMMMMMRMMMMMRMMMMMRMMMMMRMMMMMRMMMMMRMMMMMRMMLMMMMRMMMMMRMMMMMRMMMMMRMMMMMRMMMMMRMMMMMRMMMMMRMMLMMMMRMMMMMRMMMMMRMMMMMRMMMMMRMMMMMRMMMMMRMMMMMRMMLMMMMRMMMMMRMMMMMRMMMMMRMMMMMRMMMMMRMMMMMRMMMMMRMMLMMMMRMMMMMRMMMMMRMMMMMRMMMMMRMMMMMRMMMMMRMMMMMRMMLMMMMRMMMMMRMMMMMRMMLMMMMRMMMMMRMMMMMRMMMMMRMMMMMRMMMMMRMMMMMRMMMMMRMMLMMMMRMMMMMMRMMMMMRMMMMMRMMMMMRMMMMMMRMMMMMRMMMMMRMMLMMMMRMMMMMRMMMMMRMMMMMRMMMMMRMMMMMRMMMMMRMMMMMRMMMMMRMMLMMMMRMMMMMRMMMMMRMMMMMRMMMMMRMMMMMRMMMMMRMMLMMMMRMMLMMMMRMMMMMRMMMMMRMMMMMRMMMMMRMMMMMRMMLMMMMRMMLMMMMRMMMMMRMMLMMMMRMMLMMMMRMMMMMMRMMMMMRMMMMMRMMMMMRMMMMMRMMMMMRMMLMMMMRMMMMMRMMMMMRMMMMMRMMMMMRMMLMMMMRMMLMMMMRMMMMMMRMMMMMRMMMMMRMMMMMRMMLMMMMRMMMMMRMMMMMRMMMMMRMMMMMRMMLMMMMRMMMMMMRMMMMMRMMMMMRMMMMMRMMLMMMMRMMLMMMMRM",0
23,"[45]PoHHHHIHGKHPJCliBbfpuHjIDLLyqvoDQBnvRPQDdgrBt",0.321875,45,"MMMMRMMMMMRMMMMMRMMMMMRMMMMMRMMMMMRMMMMMRMMMMMRMMLMMMMRMMMMMRMMMMMRMMMMMRMMMMMRMMMMMRMMMMMRMMMMMRMMLMMMMRMMMMMRMMMMMRMMMMMRMMMMMRMMMMMRMMMMMRMMMMMRMMLMMMMRMMMMMRMMMMMRMMMMMRMMMMMRMMMMMRMMMMMRMMMMMRMMLMMMMRMMMMMRMMMMMRMMMMMRMMMMMRMMMMMRMMMMMRMMMMMRMMLMMMMRMMMMMRMMMMMRMMMMMRMMMMMRMMMMMRMMMMMRMMMMMRMMLMMMMRMMMMMRMMMMMRMMMMMRMMMMMRMMMMMRMMMMMRMMMMMRMMLMMMMRMMMMMRMMMMMRMMLMMMMRMMMMMRMMMMMRMMMMMRMMMMMRMMMMMRMMMMMRMMMMMRMMLMMMMRMMMMMMRMMMMMRMMMMMRMMMMMRMMMMMMRMMMMMRMMMMMRMMLMMMMRMMMMMRMMMMMRMMMMMRMMMMMRMMMMMRMMMMMRMMMMMRMMMMMRMMLMMMMRMMMMMRMMMMMRMMMMMRMMMMMRMMMMMRMMMMMRMMLMMMMRMMLMMMMRMMMMMRMMMMMRMMMMMRMMMMMRMMMMMRMMLMMMMRMMLMMMMRMMMMMRMMLMMMMRMMLMMMMRMMMMMMRMMMMMRMMMMMRMMMMMRMMMMMRMMMMMRMMLMMMMRMMMMMRMMMMMRMMMMMRMMMMMRMMLMMMMRMMLMMMMRMMMMMMRMMMMMRMMMMMRMMMMMRMMLMMMMRMMMMMRMMMMMRMMMMMRMMMMMRMMLMMMMRMMMMMMRMMMMMRMMMMMRMMMMMRMMLMMMMRMMLMMMMRM",4
24,"[45]PoHHHHIHGKHPJCliBbfpuHjIDLLyqvoDQBnvRPQDdgrBt",0.321875,45,"MMMMRMMMMMRMMMMMRMMMMMRMMMMMRMMMMMRMMMMMRMMMMMRMMLMMMMRMMMMMRMMMMMRMMMMMRMMMMMRMMMMMRMMMMMRMMMMMRMMLMMMMRMMMMMRMMMMMRMMMMMRMMMMMRMMMMMRMMMMMRMMMMMRMMLMMMMRMMMMMRMMMMMRMMMMMRMMMMMRMMMMMRMMMMMRMMMMMRMMLMMMMRMMMMMRMMMMMRMMMMMRMMMMMRMMMMMRMMMMMRMMMMMRMMLMMMMRMMMMMRMMMMMRMMMMMRMMMMMRMMMMMRMMMMMRMMMMMRMMLMMMMRMMMMMRMMMMMRMMMMMRMMMMMRMMMMMRMMMMMRMMMMMRMMLMMMMRMMMMMRMMMMMRMMLMMMMRMMMMMRMMMMMRMMMMMRMMMMMRMMMMMRMMMMMRMMMMMRMMLMMMMRMMMMMMRMMMMMRMMMMMRMMMMMRMMMMMMRMMMMMRMMMMMRMMLMMMMRMMMMMRMMMMMRMMMMMRMMMMMRMMMMMRMMMMMRMMMMMRMMMMMRMMLMMMMRMMMMMRMMMMMRMMMMMRMMMMMRMMMMMRMMMMMRMMLMMMMRMMLMMMMRMMMMMRMMMMMRMMMMMRMMMMMRMMMMMRMMLMMMMRMMLMMMMRMMMMMRMMLMMMMRMMLMMMMRMMMMMMRMMMMMRMMMMMRMMMMMRMMMMMRMMMMMRMMLMMMMRMMMMMRMMMMMRMMMMMRMMMMMRMMLMMMMRMMLMMMMRMMMMMMRMMMMMRMMMMMRMMMMMRMMLMMMMRMMMMMRMMMMMRMMMMMRMMMMMRMMLMMMMRMMMMMMRMMMMMRMMMMMRMMMMMRMMLMMMMRMMLMMMMRM",0
25,"[45]PoHHHHIHGKHPJCliBbfpuHjIDLLyqvoDQBnvRPQDdgrBt",0.321875,45,"MMMMRMMMMMRMMMMMRMMMMMRMMMMMRMMMMMRMMMMMRMMMMMRMMLMMMMRMMMMMRMMMMMRMMMMMRMMMMMRMMMMMRMMMMMRMMMMMRMMLMMMMRMMMMMRMMMMMRMMMMMRMMMMMRMMMMMRMMMMMRMMMMMRMMLMMMMRMMMMMRMMMMMRMMMMMRMMMMMRMMMMMRMMMMMRMMMMMRMMLMMMMRMMMMMRMMMMMRMMMMMRMMMMMRMMMMMRMMMMMRMMMMMRMMLMMMMRMMMMMRMMMMMRMMMMMRMMMMMRMMMMMRMMMMMRMMMMMRMMLMMMMRMMMMMRMMMMMRMMMMMRMMMMMRMMMMMRMMMMMRMMMMMRMMLMMMMRMMMMMRMMMMMRMMLMMMMRMMMMMRMMMMMRMMMMMRMMMMMRMMMMMRMMMMMRMMMMMRMMLMMMMRMMMMMMRMMMMMRMMMMMRMMMMMRMMMMMMRMMMMMRMMMMMRMMLMMMMRMMMMMRMMMMMRMMMMMRMMMMMRMMMMMRMMMMMRMMMMMRMMMMMRMMLMMMMRMMMMMRMMMMMRMMMMMRMMMMMRMMMMMRMMMMMRMMLMMMMRMMLMMMMRMMMMMRMMMMMRMMMMMRMMMMMRMMMMMRMMLMMMMRMMLMMMMRMMMMMRMMLMMMMRMMLMMMMRMMMMMMRMMMMMRMMMMMRMMMMMRMMMMMRMMMMMRMMLMMMMRMMMMMRMMMMMRMMMMMRMMMMMRMMLMMMMRMMLMMMMRMMMMMMRMMMMMRMMMMMRMMMMMRMMLMMMMRMMMMMRMMMMMRMMMMMRMMMMMRMMLMMMMRMMMMMMRMMMMMRMMMMMRMMMMMRMMLMMMMRMMLMMMMRM",4
26,"[45]PoHHHHIHGKHPJCliBbfpuHjIDLLyqvoDQBnvRPQDdgrBt",0.321875,45,"MMMMRMMMMMRMMMMMRMMMMMRMMMMMRMMMMMRMMMMMRMMMMMRMMLMMMMRMMMMMRMMMMMRMMMMMRMMMMMRMMMMMRMMMMMRMMMMMRMMLMMMMRMMMMMRMMMMMRMMMMMRMMMMMRMMMMMRMMMMMRMMMMMRMMLMMMMRMMMMMRMMMMMRMMMMMRMMMMMRMMMMMRMMMMMRMMMMMRMMLMMMMRMMMMMRMMMMMRMMMMMRMMMMMRMMMMMRMMMMMRMMMMMRMMLMMMMRMMMMMRMMMMMRMMMMMRMMMMMRMMMMMRMMMMMRMMMMMRMMLMMMMRMMMMMRMMMMMRMMMMMRMMMMMRMMMMMRMMMMMRMMMMMRMMLMMMMRMMMMMRMMMMMRMMLMMMMRMMMMMRMMMMMRMMMMMRMMMMMRMMMMMRMMMMMRMMMMMRMMLMMMMRMMMMMMRMMMMMRMMMMMRMMMMMRMMMMMMRMMMMMRMMMMMRMMLMMMMRMMMMMRMMMMMRMMMMMRMMMMMRMMMMMRMMMMMRMMMMMRMMMMMRMMLMMMMRMMMMMRMMMMMRMMMMMRMMMMMRMMMMMRMMMMMRMMLMMMMRMMLMMMMRMMMMMRMMMMMRMMMMMRMMMMMRMMMMMRMMLMMMMRMMLMMMMRMMMMMRMMLMMMMRMMLMMMMRMMMMMMRMMMMMRMMMMMRMMMMMRMMMMMRMMMMMRMMLMMMMRMMMMMRMMMMMRMMMMMRMMMMMRMMLMMMMRMMLMMMMRMMMMMMRMMMMMRMMMMMRMMMMMRMMLMMMMRMMMMMRMMMMMRMMMMMRMMMMMRMMLMMMMRMMMMMMRMMMMMRMMMMMRMMMMMRMMLMMMMRMMLMMMMRM",4
27,"[45]PoHHHHIHGKHPJCliBbfpuHjIDLLyqvoDQBnvRPQDdgrBt",0.321875,45,"MMMMRMMMMMRMMMMMRMMMMMRMMMMMRMMMMMRMMMMMRMMMMMRMMLMMMMRMMMMMRMMMMMRMMMMMRMMMMMRMMMMMRMMMMMRMMMMMRMMLMMMMRMMMMMRMMMMMRMMMMMRMMMMMRMMMMMRMMMMMRMMMMMRMMLMMMMRMMMMMRMMMMMRMMMMMRMMMMMRMMMMMRMMMMMRMMMMMRMMLMMMMRMMMMMRMMMMMRMMMMMRMMMMMRMMMMMRMMMMMRMMMMMRMMLMMMMRMMMMMRMMMMMRMMMMMRMMMMMRMMMMMRMMMMMRMMMMMRMMLMMMMRMMMMMRMMMMMRMMMMMRMMMMMRMMMMMRMMMMMRMMMMMRMMLMMMMRMMMMMRMMMMMRMMLMMMMRMMMMMRMMMMMRMMMMMRMMMMMRMMMMMRMMMMMRMMMMMRMMLMMMMRMMMMMMRMMMMMRMMMMMRMMMMMRMMMMMMRMMMMMRMMMMMRMMLMMMMRMMMMMRMMMMMRMMMMMRMMMMMRMMMMMRMMMMMRMMMMMRMMMMMRMMLMMMMRMMMMMRMMMMMRMMMMMRMMMMMRMMMMMRMMMMMRMMLMMMMRMMLMMMMRMMMMMRMMMMMRMMMMMRMMMMMRMMMMMRMMLMMMMRMMLMMMMRMMMMMRMMLMMMMRMMLMMMMRMMMMMMRMMMMMRMMMMMRMMMMMRMMMMMRMMMMMRMMLMMMMRMMMMMRMMMMMRMMMMMRMMMMMRMMLMMMMRMMLMMMMRMMMMMMRMMMMMRMMMMMRMMMMMRMMLMMMMRMMMMMRMMMMMRMMMMMRMMMMMRMMLMMMMRMMMMMMRMMMMMRMMMMMRMMMMMRMMLMMMMRMMLMMMMRM",0
28,"[45]PoHHHHIHGKHPJCliBbfpuHjIDLLyqvoDQBnvRPQDdgrBt",0.321875,45,"MMMMRMMMMMRMMMMMRMMMMMRMMMMMRMMMMMRMMMMMRMMMMMRMMLMMMMRMMMMMRMMMMMRMMMMMRMMMMMRMMMMMRMMMMMRMMMMMRMMLMMMMRMMMMMRMMMMMRMMMMMRMMMMMRMMMMMRMMMMMRMMMMMRMMLMMMMRMMMMMRMMMMMRMMMMMRMMMMMRMMMMMRMMMMMRMMMMMRMMLMMMMRMMMMMRMMMMMRMMMMMRMMMMMRMMMMMRMMMMMRMMMMMRMMLMMMMRMMMMMRMMMMMRMMMMMRMMMMMRMMMMMRMMMMMRMMMMMRMMLMMMMRMMMMMRMMMMMRMMMMMRMMMMMRMMMMMRMMMMMRMMMMMRMMLMMMMRMMMMMRMMMMMRMMLMMMMRMMMMMRMMMMMRMMMMMRMMMMMRMMMMMRMMMMMRMMMMMRMMLMMMMRMMMMMMRMMMMMRMMMMMRMMMMMRMMMMMMRMMMMMRMMMMMRMMLMMMMRMMMMMRMMMMMRMMMMMRMMMMMRMMMMMRMMMMMRMMMMMRMMMMMRMMLMMMMRMMMMMRMMMMMRMMMMMRMMMMMRMMMMMRMMMMMRMMLMMMMRMMLMMMMRMMMMMRMMMMMRMMMMMRMMMMMRMMMMMRMMLMMMMRMMLMMMMRMMMMMRMMLMMMMRMMLMMMMRMMMMMMRMMMMMRMMMMMRMMMMMRMMMMMRMMMMMRMMLMMMMRMMMMMRMMMMMRMMMMMRMMMMMRMMLMMMMRMMLMMMMRMMMMMMRMMMMMRMMMMMRMMMMMRMMLMMMMRMMMMMRMMMMMRMMMMMRMMMMMRMMLMMMMRMMMMMMRMMMMMRMMMMMRMMMMMRMMLMMMMRMMLMMMMRM",0
29,"[45]PoHHHHIHGKHPJCliBbfpuHjIDLLyqvoDQBnvRPQDdgrBt",0.321875,45,"MMMMRMMMMMRMMMMMRMMMMMRMMMMMRMMMMMRMMMMMRMMMMMRMMLMMMMRMMMMMRMMMMMRMMMMMRMMMMMRMMMMMRMMMMMRMMMMMRMMLMMMMRMMMMMRMMMMMRMMMMMRMMMMMRMMMMMRMMMMMRMMMMMRMMLMMMMRMMMMMRMMMMMRMMMMMRMMMMMRMMMMMRMMMMMRMMMMMRMMLMMMMRMMMMMRMMMMMRMMMMMRMMMMMRMMMMMRMMMMMRMMMMMRMMLMMMMRMMMMMRMMMMMRMMMMMRMMMMMRMMMMMRMMMMMRMMMMMRMMLMMMMRMMMMMRMMMMMRMMMMMRMMMMMRMMMMMRMMMMMRMMMMMRMMLMMMMRMMMMMRMMMMMRMMLMMMMRMMMMMRMMMMMRMMMMMRMMMMMRMMMMMRMMMMMRMMMMMRMMLMMMMRMMMMMMRMMMMMRMMMMMRMMMMMRMMMMMMRMMMMMRMMMMMRMMLMMMMRMMMMMRMMMMMRMMMMMRMMMMMRMMMMMRMMMMMRMMMMMRMMMMMRMMLMMMMRMMMMMRMMMMMRMMMMMRMMMMMRMMMMMRMMMMMRMMLMMMMRMMLMMMMRMMMMMRMMMMMRMMMMMRMMMMMRMMMMMRMMLMMMMRMMLMMMMRMMMMMRMMLMMMMRMMLMMMMRMMMMMMRMMMMMRMMMMMRMMMMMRMMMMMRMMMMMRMMLMMMMRMMMMMRMMMMMRMMMMMRMMMMMRMMLMMMMRMMLMMMMRMMMMMMRMMMMMRMMMMMRMMMMMRMMLMMMMRMMMMMRMMMMMRMMMMMRMMMMMRMMLMMMMRMMMMMMRMMMMMRMMMMMRMMMMMRMMLMMMMRMMLMMMMRM",0
30,"[45]PoHHHHIHGKHPJCliBbfpuHjIDLLyqvoDQBnvRPQDdgrBt",0.413636,45,"MMMMRMMMMMRMMMMMRMMMMMRMMMMMRMMMMMRMMMMMRMMMMMRMMLMMMMRMMMMMRMMMMMRMMMMMRMMMMMRMMMMMRMMMMMMRMMMMMRMMMMMRMMMMMRMMLMMMMRMMMMMRMMMMMRMMMMMMRMMMMMRMMMMMRMMMMMRMMMMMRMMMMMRMMMMMRMMMMMMRMMMMMMRMMMMMRMMMMMRMMLMMMMRMMLMMMMRMMMMMRMMMMMRMMMMMRMMMMMMRMMMMMRMMMMMRMMMMMRMMMMMRMMMMMRMMMMMRMMMMMMRMMMMMRMMMMMRMMMMMRMMLMMMMRMMMMMRMMMMMRMMMMMRMMMMMRMMLMMMMRMMMMMMRMMMMMRMMMMMRMMMMMRMMLMMMMRMMLMMMMRMMMMMRMMMMMRMMMMMRMMMMMRMMLMMMMRMMLMMMMRMMMMMMRMMMMMRMMMMMRMMMMMRMMLMMMMRMMLMMMMRMMMMMRMMMMMRMMMMMRMMMMMRMMLMMMMRMMLMMMMRMMMMMMRMMMMMRMMMMMRMMLMMMMRMMMMMRMMMMMMRMMMMMRMMMMMRMMMMMRMMMMMRMMLMMMMRMMLMMMMRMMMMMRMMMMMRMMMMMRMMMMMRMMMMMRMMLMMMMRMMLMMMMRMMLMMMMRMMMMMRMMMMMRMMMMMRMMMMMRMMMMMRMMLMMMMRMMLMMMMRMMLMMMMRMMMMMMRMMMMMRMMMMMRMMMMMRMMMMMRMMMMMRMMMMMRMMLMMMMRMMMMMRMMMMMRMMMMMRMMMMMRMMMMMRMMMMMMRMMMMMRMMLMMMMRMMMMMRMMMMMRMMMMMRMMMMMRMMMMMRMMMMMRMMMMMRMMLMMMMRMMLMMMMRM",3
31,"[45]PoHHHHIHGKHPJCliBbfpuHjIDLLyqvoDQBnvRPQDdgrBt",0.321875,45,"MMMMRMMMMMRMMMMMRMMMMMRMMMMMRMMMMMRMMMMMRMMMMMRMMLMMMMRMMMMMRMMMMMRMMMMMRMMMMMRMMMMMRMMMMMRMMMMMRMMLMMMMRMMMMMRMMMMMRMMMMMRMMMMMRMMMMMRMMMMMRMMMMMRMMLMMMMRMMMMMRMMMMMRMMMMMRMMMMMRMMMMMRMMMMMRMMMMMRMMLMMMMRMMMMMRMMMMMRMMMMMRMMMMMRMMMMMRMMMMMRMMMMMRMMLMMMMRMMMMMRMMMMMRMMMMMRMMMMMRMMMMMRMMMMMRMMMMMRMMLMMMMRMMMMMRMMMMMRMMMMMRMMMMMRMMMMMRMMMMMRMMMMMRMMLMMMMRMMMMMRMMMMMRMMLMMMMRMMMMMRMMMMMRMMMMMRMMMMMRMMMMMRMMMMMRMMMMMRMMLMMMMRMMMMMMRMMMMMRMMMMMRMMMMMRMMMMMMRMMMMMRMMMMMRMMLMMMMRMMMMMRMMMMMRMMMMMRMMMMMRMMMMMRMMMMMRMMMMMRMMMMMRMMLMMMMRMMMMMRMMMMMRMMMMMRMMMMMRMMMMMRMMMMMRMMLMMMMRMMLMMMMRMMMMMRMMMMMRMMMMMRMMMMMRMMMMMRMMLMMMMRMMLMMMMRMMMMMRMMLMMMMRMMLMMMMRMMMMMMRMMMMMRMMMMMRMMMMMRMMMMMRMMMMMRMMLMMMMRMMMMMRMMMMMRMMMMMRMMMMMRMMLMMMMRMMLMMMMRMMMMMMRMMMMMRMMMMMRMMMMMRMMLMMMMRMMMMMRMMMMMRMMMMMRMMMMMRMMLMMMMRMMMMMMRMMMMMRMMMMMRMMMMMRMMLMMMMRMMLMMMMRM",0
32,"[45]PoHHHHIHGKHPJCliBbfpuHjIDLLyqvoDQBnvRPQDdgrBt",0.417045,45,"MMMMRMMMMMRMMMMMRMMMMMRMMMMMRMMMMMRMMMMMRMMMMMRMMLMMMMRMMMMMRMMMMMRMMMMMRMMMMMRMMMMMRMMMMMRMMMMMRMMLMMMMRMMMMMRMMMMMRMMMMMRMMMMMRMMMMMRMMMMMRMMMMMRMMLMMMMRMMMMMRMMMMMRMMMMMRMMMMMRMMMMMRMMMMMRMMMMMRMMLMMMMRMMMMMRMMMMMRMMMMMRMMMMMRMMMMMRMMMMMRMMMMMRMMLMMMMRMMMMMRMMMMMRMMMMMRMMMMMRMMMMMRMMMMMRMMMMMRMMLMMMMRMMMMMRMMMMMRMMMMMRMMMMMRMMMMMRMMMMMRMMMMMRMMLMMMMRMMMMMRMMMMMRMMLMMMMRMMMMMRMMMMMRMMMMMRMMMMMRMMMMMRMMMMMRMMMMMRMMLMMMMRMMMMMMRMMMMMRMMMMMRMMMMMRMMMMMRMMMMMRMMMMMRMMLMMMMRMMMMMRMMMMMRMMMMMRMMMMMRMMMMMRMMMMMRMMMMMMRMMMMMRMMLMMMMRMMMMMRMMMMMRMMMMMRMMMMMRMMMMMRMMMMMMRMMMMMRMMMMMRMMMMMRMMMMMMRMMMMMRMMMMMRMMMMMRMMMMMMRMMLMMMMRMMMMMRMMMMMRMMMMMMRMMMMMRMMMMMRMMMMMMRMMMMMRMMLMMMMRMMLMMMMRMMMMMRMMMMMRMMMMMRMMMMMRMMMMMRMMMMMRMMMMMRMMLMMMMRMMMMMRMMMMMRMMMMMRMMMMMRMMMMMRMMMMMRMMLMMMMRMMMMMRMMMMMRMMMMMRMMMMMMRMMMMMRMMLMMMMRMMLMMMMRMMMMMRMMMMMRM",2
33,"[45]PoHHHHIHGKHPJCliBbfpuHjIDLLyqvoDQBnvRPQDdgrBt",0.424745,45,"MMMMRMMMMMRMMMMMRMMMMMRMMMMMRMMMMMRMMMMMRMMMMMRMMLMMMMRMMMMMRMMMMMRMMMMMRMMMMMRMMMMMRMMMMMRMMMMMRMMLMMMMRMMMMMRMMMMMRMMMMMMRMMMMMRMMMMMRMMMMMRMMMMMRMMLMMMMRMMMMMRMMMMMRMMMMMRMMMMMMRMMMMMRMMMMMRMMMMMRMMLMMMMRMMMMMRMMMMMRMMMMMRMMMMMRMMMMMRMMLMMMMRMMMMMMRMMMMMRMMMMMRMMMMMRMMMMMRMMLMMMMRMMMMMRMMMMMRMMMMMMRMMMMMRMMMMMRMMLMMMMRMMMMMRMMMMMRMMMMMRMMMMMRMMMMMRMMLMMMMRMMMMMRMMMMMRMMMMMRMMMMMRMMLMMMMRMMLMMMMRMMMMMRMMMMMRMMMMMRMMLMMMMRMMMMMRMMMMMRMMLMMMMRMMMMMRMMMMMMRMMLMMMMRMMMMMRMMMMMRMMMMMRMMMMMRMMMMMRMMMMMRMMLMMMMRMMLMMMMRMMMMMRMMMMMRMMMMMRMMMMMRMMMMMRMMMMMRMMLMMMMRMMMMMRMMMMMRMMMMMRMMMMMRMMMMMRMMMMMRMMMMMRMMLMMMMRMMLMMMMRMMMMMRMMMMMRMMMMMRMMMMMRMMMMMRMMMMMRMMMMMMRMMMMMRMMMMMRMMMMMRMMMMMRMMMMMRMMMMMRMMMMMRMMLMMMMRMMLMMMMRMMLMMMMRMMLMMMMRMMMMMRMMMMMRMMMMMRMMMMMRMMMMMRMMMMMRMMMMMRMMLMMMMRMMMMMRMMMMMRMMMMMRMMMMMRMMMMMRMMMMMRMMMMMRMMLMMMMRMMMMMRM",1
34,"[45]PoHHHHIHGKHPJCliBbfpuHjIDLLyqvoDQBnvRPQDdgrBt",0.413636,45,"MMMMRMMMMMRMMMMMRMMMMMRMMMMMRMMMMMRMMMMMRMMMMMRMMLMMMMRMMMMMRMMMMMRMMMMMRMMMMMRMMMMMRMMMMMMRMMMMMRMMMMMRMMMMMRMMLMMMMRMMMMMRMMMMMRMMMMMMRMMMMMRMMMMMRMMMMMRMMMMMRMMMMMRMMMMMRMMMMMMRMMMMMMRMMMMMRMMMMMRMMLMMMMRMMLMMMMRMMMMMRMMMMMRMMMMMRMMMMMMRMMMMMRMMMMMRMMMMMRMMMMMRMMMMMRMMMMMRMMMMMMRMMMMMRMMMMMRMMMMMRMMLMMMMRMMMMMRMMMMMRMMMMMRMMMMMRMMLMMMMRMMMMMMRMMMMMRMMMMMRMMMMMRMMLMMMMRMMLMMMMRMMMMMRMMMMMRMMMMMRMMMMMRMMLMMMMRMMLMMMMRMMMMMMRMMMMMRMMMMMRMMMMMRMMLMMMMRMMLMMMMRMMMMMRMMMMMRMMMMMRMMMMMRMMLMMMMRMMLMMMMRMMMMMMRMMMMMRMMMMMRMMLMMMMRMMMMMRMMMMMMRMMMMMRMMMMMRMMMMMRMMMMMRMMLMMMMRMMLMMMMRMMMMMRMMMMMRMMMMMRMMMMMRMMMMMRMMLMMMMRMMLMMMMRMMLMMMMRMMMMMRMMMMMRMMMMMRMMMMMRMMMMMRMMLMMMMRMMLMMMMRMMLMMMMRMMMMMMRMMMMMRMMMMMRMMMMMRMMMMMRMMMMMRMMMMMRMMLMMMMRMMMMMRMMMMMRMMMMMRMMMMMRMMMMMRMMMMMMRMMMMMRMMLMMMMRMMMMMRMMMMMRMMMMMRMMMMMRMMMMMRMMMMMRMMMMMRMMLMMMMRMMLMMMMRM",3
35,"[45]PoHHHHIHGKHPJCliBbfpuHjIDLLyqvoDQBnvRPQDdgrBt",0.321875,45,"MMMMRMMMMMRMMMMMRMMMMMRMMMMMRMMMMMRMMMMMRMMMMMRMMLMMMMRMMMMMRMMMMMRMMMMMRMMMMMRMMMMMRMMMMMRMMMMMRMMLMMMMRMMMMMRMMMMMRMMMMMRMMMMMRMMMMMRMMMMMRMMMMMRMMLMMMMRMMMMMRMMMMMRMMMMMRMMMMMRMMMMMRMMMMMRMMMMMRMMLMMMMRMMMMMRMMMMMRMMMMMRMMMMMRMMMMMRMMMMMRMMMMMRMMLMMMMRMMMMMRMMMMMRMMMMMRMMMMMRMMMMMRMMMMMRMMMMMRMMLMMMMRMMMMMRMMMMMRMMMMMRMMMMMRMMMMMRMMMMMRMMMMMRMMLMMMMRMMMMMRMMMMMRMMLMMMMRMMMMMRMMMMMRMMMMMRMMMMMRMMMMMRMMMMMRMMMMMRMMLMMMMRMMMMMMRMMMMMRMMMMMRMMMMMRMMMMMMRMMMMMRMMMMMRMMLMMMMRMMMMMRMMMMMRMMMMMRMMMMMRMMMMMRMMMMMRMMMMMRMMMMMRMMLMMMMRMMMMMRMMMMMRMMMMMRMMMMMRMMMMMRMMMMMRMMLMMMMRMMLMMMMRMMMMMRMMMMMRMMMMMRMMMMMRMMMMMRMMLMMMMRMMLMMMMRMMMMMRMMLMMMMRMMLMMMMRMMMMMMRMMMMMRMMMMMRMMMMMRMMMMMRMMMMMRMMLMMMMRMMMMMRMMMMMRMMMMMRMMMMMRMMLMMMMRMMLMMMMRMMMMMMRMMMMMRMMMMMRMMMMMRMMLMMMMRMMMMMRMMMMMRMMMMMRMMMMMRMMLMMMMRMMMMMMRMMMMMRMMMMMRMMMMMRMMLMMMMRMMLMMMMRM",4
36,"[45]PoHHHHIHGKHPJCliBbfpuHjIDLLyqvoDQBnvRPQDdgrBt",0.413636,45,"MMMMRMMMMMRMMMMMRMMMMMRMMMMMRMMMMMRMMMMMRMMMMMRMMLMMMMRMMMMMRMMMMMRMMMMMRMMMMMRMMMMMRMMMMMMRMMMMMRMMMMMRMMMMMRMMLMMMMRMMMMMRMMMMMRMMMMMMRMMMMMRMMMMMRMMMMMRMMMMMRMMMMMRMMMMMRMMMMMMRMMMMMMRMMMMMRMMMMMRMMLMMMMRMMLMMMMRMMMMMRMMMMMRMMMMMRMMMMMMRMMMMMRMMMMMRMMMMMRMMMMMRMMMMMRMMMMMRMMMMMMRMMMMMRMMMMMRMMMMMRMMLMMMMRMMMMMRMMMMMRMMMMMRMMMMMRMMLMMMMRMMMMMMRMMMMMRMMMMMRMMMMMRMMLMMMMRMMLMMMMRMMMMMRMMMMMRMMMMMRMMMMMRMMLMMMMRMMLMMMMRMMMMMMRMMMMMRMMMMMRMMMMMRMMLMMMMRMMLMMMMRMMMMMRMMMMMRMMMMMRMMMMMRMMLMMMMRMMLMMMMRMMMMMMRMMMMMRMMMMMRMMLMMMMRMMMMMRMMMMMMRMMMMMRMMMMMRMMMMMRMMMMMRMMLMMMMRMMLMMMMRMMMMMRMMMMMRMMMMMRMMMMMRMMMMMRMMLMMMMRMMLMMMMRMMLMMMMRMMMMMRMMMMMRMMMMMRMMMMMRMMMMMRMMLMMMMRMMLMMMMRMMLMMMMRMMMMMMRMMMMMRMMMMMRMMMMMRMMMMMRMMMMMRMMMMMRMMLMMMMRMMMMMRMMMMMRMMMMMRMMMMMRMMMMMRMMMMMMRMMMMMRMMLMMMMRMMMMMRMMMMMRMMMMMRMMMMMRMMMMMRMMMMMRMMMMMRMMLMMMMRMMLMMMMRM",3
37,"[45]PoHHHHIHGKHPJCliBbfpuHjIDLLyqvoDQBnvRPQDdgrBt",0.321875,45,"MMMMRMMMMMRMMMMMRMMMMMRMMMMMRMMMMMRMMMMMRMMMMMRMMLMMMMRMMMMMRMMMMMRMMMMMRMMMMMRMMMMMRMMMMMRMMMMMRMMLMMMMRMMMMMRMMMMMRMMMMMRMMMMMRMMMMMRMMMMMRMMMMMRMMLMMMMRMMMMMRMMMMMRMMMMMRMMMMMRMMMMMRMMMMMRMMMMMRMMLMMMMRMMMMMRMMMMMRMMMMMRMMMMMRMMMMMRMMMMMRMMMMMRMMLMMMMRMMMMMRMMMMMRMMMMMRMMMMMRMMMMMRMMMMMRMMMMMRMMLMMMMRMMMMMRMMMMMRMMMMMRMMMMMRMMMMMRMMMMMRMMMMMRMMLMMMMRMMMMMRMMMMMRMMLMMMMRMMMMMRMMMMMRMMMMMRMMMMMRMMMMMRMMMMMRMMMMMRMMLMMMMRMMMMMMRMMMMMRMMMMMRMMMMMRMMMMMMRMMMMMRMMMMMRMMLMMMMRMMMMMRMMMMMRMMMMMRMMMMMRMMMMMRMMMMMRMMMMMRMMMMMRMMLMMMMRMMMMMRMMMMMRMMMMMRMMMMMRMMMMMRMMMMMRMMLMMMMRMMLMMMMRMMMMMRMMMMMRMMMMMRMMMMMRMMMMMRMMLMMMMRMMLMMMMRMMMMMRMMLMMMMRMMLMMMMRMMMMMMRMMMMMRMMMMMRMMMMMRMMMMMRMMMMMRMMLMMMMRMMMMMRMMMMMRMMMMMRMMMMMRMMLMMMMRMMLMMMMRMMMMMMRMMMMMRMMMMMRMMMMMRMMLMMMMRMMMMMRMMMMMRMMMMMRMMMMMRMMLMMMMRMMMMMMRMMMMMRMMMMMRMMMMMRMMLMMMMRMMLMMMMRM",0
38,"[45]PoHHHHIHGKHPJCliBbfpuHjIDLLyqvoDQBnvRPQDdgrBt",0.321875,45,"MMMMRMMMMMRMMMMMRMMMMMRMMMMMRMMMMMRMMMMMRMMMMMRMMLMMMMRMMMMMRMMMMMRMMMMMRMMMMMRMMMMMRMMMMMRMMMMMRMMLMMMMRMMMMMRMMMMMRMMMMMRMMMMMRMMMMMRMMMMMRMMMMMRMMLMMMMRMMMMMRMMMMMRMMMMMRMMMMMRMMMMMRMMMMMRMMMMMRMMLMMMMRMMMMMRMMMMMRMMMMMRMMMMMRMMMMMRMMMMMRMMMMMRMMLMMMMRMMMMMRMMMMMRMMMMMRMMMMMRMMMMMRMMMMMRMMMMMRMMLMMMMRMMMMMRMMMMMRMMMMMRMMMMMRMMMMMRMMMMMRMMMMMRMMLMMMMRMMMMMRMMMMMRMMLMMMMRMMMMMRMMMMMRMMMMMRMMMMMRMMMMMRMMMMMRMMMMMRMMLMMMMRMMMMMMRMMMMMRMMMMMRMMMMMRMMMMMMRMMMMMRMMMMMRMMLMMMMRMMMMMRMMMMMRMMMMMRMMMMMRMMMMMRMMMMMRMMMMMRMMMMMRMMLMMMMRMMMMMRMMMMMRMMMMMRMMMMMRMMMMMRMMMMMRMMLMMMMRMMLMMMMRMMMMMRMMMMMRMMMMMRMMMMMRMMMMMRMMLMMMMRMMLMMMMRMMMMMRMMLMMMMRMMLMMMMRMMMMMMRMMMMMRMMMMMRMMMMMRMMMMMRMMMMMRMMLMMMMRMMMMMRMMMMMRMMMMMRMMMMMRMMLMMMMRMMLMMMMRMMMMMMRMMMMMRMMMMMRMMMMMRMMLMMMMRMMMMMRMMMMMRMMMMMRMMMMMRMMLMMMMRMMMMMMRMMMMMRMMMMMRMMMMMRMMLMMMMRMMLMMMMRM",4
39,"[45]PoHHHHIHGKHPJCliBbfpuHjIDLLyqvoDQBnvRPQDdgrBt",0.413636,45,"MMMMRMMMMMRMMMMMRMMMMMRMMMMMRMMMMMRMMMMMRMMMMMRMMLMMMMRMMMMMRMMMMMRMMMMMRMMMMMRMMMMMRMMMMMMRMMMMMRMMMMMRMMMMMRMMLMMMMRMMMMMRMMMMMRMMMMMMRMMMMMRMMMMMRMMMMMRMMMMMRMMMMMRMMMMMRMMMMMMRMMMMMMRMMMMMRMMMMMRMMLMMMMRMMLMMMMRMMMMMRMMMMMRMMMMMRMMMMMMRMMMMMRMMMMMRMMMMMRMMMMMRMMMMMRMMMMMRMMMMMMRMMMMMRMMMMMRMMMMMRMMLMMMMRMMMMMRMMMMMRMMMMMRMMMMMRMMLMMMMRMMMMMMRMMMMMRMMMMMRMMMMMRMMLMMMMRMMLMMMMRMMMMMRMMMMMRMMMMMRMMMMMRMMLMMMMRMMLMMMMRMMMMMMRMMMMMRMMMMMRMMMMMRMMLMMMMRMMLMMMMRMMMMMRMMMMMRMMMMMRMMMMMRMMLMMMMRMMLMMMMRMMMMMMRMMMMMRMMMMMRMMLMMMMRMMMMMRMMMMMMRMMMMMRMMMMMRMMMMMRMMMMMRMMLMMMMRMMLMMMMRMMMMMRMMMMMRMMMMMRMMMMMRMMMMMRMMLMMMMRMMLMMMMRMMLMMMMRMMMMMRMMMMMRMMMMMRMMMMMRMMMMMRMMLMMMMRMMLMMMMRMMLMMMMRMMMMMMRMMMMMRMMMMMRMMMMMRMMMMMRMMMMMRMMMMMRMMLMMMMRMMMMMRMMMMMRMMMMMRMMMMMRMMMMMRMMMMMMRMMMMMRMMLMMMMRMMMMMRMMMMMRMMMMMRMMMMMRMMMMMRMMMMMRMMMMMRMMLMMMMRMMLMMMMRM",3
40,"[45]PoHHHHIHGKHPJCliBbfpuHjIDLLyqvoDQBnvRPQDdgrBt",0.321875,45,"MMMMRMMMMMRMMMMMRMMMMMRMMMMMRMMMMMRMMMMMRMMMMMRMMLMMMMRMMMMMRMMMMMRMMMMMRMMMMMRMMMMMRMMMMMRMMMMMRMMLMMMMRMMMMMRMMMMMRMMMMMRMMMMMRMMMMMRMMMMMRMMMMMRMMLMMMMRMMMMMRMMMMMRMMMMMRMMMMMRMMMMMRMMMMMRMMMMMRMMLMMMMRMMMMMRMMMMMRMMMMMRMMMMMRMMMMMRMMMMMRMMMMMRMMLMMMMRMMMMMRMMMMMRMMMMMRMMMMMRMMMMMRMMMMMRMMMMMRMMLMMMMRMMMMMRMMMMMRMMMMMRMMMMMRMMMMMRMMMMMRMMMMMRMMLMMMMRMMMMMRMMMMMRMMLMMMMRMMMMMRMMMMMRMMMMMRMMMMMRMMMMMRMMMMMRMMMMMRMMLMMMMRMMMMMMRMMMMMRMMMMMRMMMMMRMMMMMMRMMMMMRMMMMMRMMLMMMMRMMMMMRMMMMMRMMMMMRMMMMMRMMMMMRMMMMMRMMMMMRMMMMMRMMLMMMMRMMMMMRMMMMMRMMMMMRMMMMMRMMMMMRMMMMMRMMLMMMMRMMLMMMMRMMMMMRMMMMMRMMMMMRMMMMMRMMMMMRMMLMMMMRMMLMMMMRMMMMMRMMLMMMMRMMLMMMMRMMMMMMRMMMMMRMMMMMRMMMMMRMMMMMRMMMMMRMMLMMMMRMMMMMRMMMMMRMMMMMRMMMMMRMMLMMMMRMMLMMMMRMMMMMMRMMMMMRMMMMMRMMMMMRMMLMMMMRMMMMMRMMMMMRMMMMMRMMMMMRMMLMMMMRMMMMMMRMMMMMRMMMMMRMMMMMRMMLMMMMRMMLMMMMRM",4
41,"[45]PoHHHHIHGKHPJCliBbfpuHjIDLLyqvoDQBnvRPQDdgrBt",0.321875,45,"MMMMRMMMMMRMMMMMRMMMMMRMMMMMRMMMMMRMMMMMRMMMMMRMMLMMMMRMMMMMRMMMMMRMMMMMRMMMMMRMMMMMRMMMMMRMMMMMRMMLMMMMRMMMMMRMMMMMRMMMMMRMMMMMRMMMMMRMMMMMRMMMMMRMMLMMMMRMMMMMRMMMMMRMMMMMRMMMMMRMMMMMRMMMMMRMMMMMRMMLMMMMRMMMMMRMMMMMRMMMMMRMMMMMRMMMMMRMMMMMRMMMMMRMMLMMMMRMMMMMRMMMMMRMMMMMRMMMMMRMMMMMRMMMMMRMMMMMRMMLMMMMRMMMMMRMMMMMRMMMMMRMMMMMRMMMMMRMMMMMRMMMMMRMMLMMMMRMMMMMRMMMMMRMMLMMMMRMMMMMRMMMMMRMMMMMRMMMMMRMMMMMRMMMMMRMMMMMRMMLMMMMRMMMMMMRMMMMMRMMMMMRMMMMMRMMMMMMRMMMMMRMMMMMRMMLMMMMRMMMMMRMMMMMRMMMMMRMMMMMRMMMMMRMMMMMRMMMMMRMMMMMRMMLMMMMRMMMMMRMMMMMRMMMMMRMMMMMRMMMMMRMMMMMRMMLMMMMRMMLMMMMRMMMMMRMMMMMRMMMMMRMMMMMRMMMMMRMMLMMMMRMMLMMMMRMMMMMRMMLMMMMRMMLMMMMRMMMMMMRMMMMMRMMMMMRMMMMMRMMMMMRMMMMMRMMLMMMMRMMMMMRMMMMMRMMMMMRMMMMMRMMLMMMMRMMLMMMMRMMMMMMRMMMMMRMMMMMRMMMMMRMMLMMMMRMMMMMRMMMMMRMMMMMRMMMMMRMMLMMMMRMMMMMMRMMMMMRMMMMMRMMMMMRMMLMMMMRMMLMMMMRM",0
42,"[45]PoHHHHIHGKHPJCliBbfpuHjIDLLyqvoDQBnvRPQDdgrBt",0.321875,45,"MMMMRMMMMMRMMMMMRMMMMMRMMMMMRMMMMMRMMMMMRMMMMMRMMLMMMMRMMMMMRMMMMMRMMMMMRMMMMMRMMMMMRMMMMMRMMMMMRMMLMMMMRMMMMMRMMMMMRMMMMMRMMMMMRMMMMMRMMMMMRMMMMMRMMLMMMMRMMMMMRMMMMMRMMMMMRMMMMMRMMMMMRMMMMMRMMMMMRMMLMMMMRMMMMMRMMMMMRMMMMMRMMMMMRMMMMMRMMMMMRMMMMMRMMLMMMMRMMMMMRMMMMMRMMMMMRMMMMMRMMMMMRMMMMMRMMMMMRMMLMMMMRMMMMMRMMMMMRMMMMMRMMMMMRMMMMMRMMMMMRMMMMMRMMLMMMMRMMMMMRMMMMMRMMLMMMMRMMMMMRMMMMMRMMMMMRMMMMMRMMMMMRMMMMMRMMMMMRMMLMMMMRMMMMMMRMMMMMRMMMMMRMMMMMRMMMMMMRMMMMMRMMMMMRMMLMMMMRMMMMMRMMMMMRMMMMMRMMMMMRMMMMMRMMMMMRMMMMMRMMMMMRMMLMMMMRMMMMMRMMMMMRMMMMMRMMMMMRMMMMMRMMMMMRMMLMMMMRMMLMMMMRMMMMMRMMMMMRMMMMMRMMMMMRMMMMMRMMLMMMMRMMLMMMMRMMMMMRMMLMMMMRMMLMMMMRMMMMMMRMMMMMRMMMMMRMMMMMRMMMMMRMMMMMRMMLMMMMRMMMMMRMMMMMRMMMMMRMMMMMRMMLMMMMRMMLMMMMRMMMMMMRMMMMMRMMMMMRMMMMMRMMLMMMMRMMMMMRMMMMMRMMMMMRMMMMMRMMLMMMMRMMMMMMRMMMMMRMMMMMRMMMMMRMMLMMMMRMMLMMMMRM",0
43,"[45]PoHHHHIHGKHPJCliBbfpuHjIDLLyqvoDQBnvRPQDdgrBt",0.321875,45,"MMMMRMMMMMRMMMMMRMMMMMRMMMMMRMMMMMRMMMMMRMMMMMRMMLMMMMRMMMMMRMMMMMRMMMMMRMMMMMRMMMMMRMMMMMRMMMMMRMMLMMMMRMMMMMRMMMMMRMMMMMRMMMMMRMMMMMRMMMMMRMMMMMRMMLMMMMRMMMMMRMMMMMRMMMMMRMMMMMRMMMMMRMMMMMRMMMMMRMMLMMMMRMMMMMRMMMMMRMMMMMRMMMMMRMMMMMRMMMMMRMMMMMRMMLMMMMRMMMMMRMMMMMRMMMMMRMMMMMRMMMMMRMMMMMRMMMMMRMMLMMMMRMMMMMRMMMMMRMMMMMRMMMMMRMMMMMRMMMMMRMMMMMRMMLMMMMRMMMMMRMMMMMRMMLMMMMRMMMMMRMMMMMRMMMMMRMMMMMRMMMMMRMMMMMRMMMMMRMMLMMMMRMMMMMMRMMMMMRMMMMMRMMMMMRMMMMMMRMMMMMRMMMMMRMMLMMMMRMMMMMRMMMMMRMMMMMRMMMMMRMMMMMRMMMMMRMMMMMRMMMMMRMMLMMMMRMMMMMRMMMMMRMMMMMRMMMMMRMMMMMRMMMMMRMMLMMMMRMMLMMMMRMMMMMRMMMMMRMMMMMRMMMMMRMMMMMRMMLMMMMRMMLMMMMRMMMMMRMMLMMMMRMMLMMMMRMMMMMMRMMMMMRMMMMMRMMMMMRMMMMMRMMMMMRMMLMMMMRMMMMMRMMMMMRMMMMMRMMMMMRMMLMMMMRMMLMMMMRMMMMMMRMMMMMRMMMMMRMMMMMRMMLMMMMRMMMMMRMMMMMRMMMMMRMMMMMRMMLMMMMRMMMMMMRMMMMMRMMMMMRMMMMMRMMLMMMMRMMLMMMMRM",4
44,"[45]PoHHHHIHGKHPJCliBbfpuHjIDLLyqvoDQBnvRPQDdgrBt",0.413636,45,"MMMMRMMMMMRMMMMMRMMMMMRMMMMMRMMMMMRMMMMMRMMMMMRMMLMMMMRMMMMMRMMMMMRMMMMMRMMMMMRMMMMMRMMMMMMRMMMMMRMMMMMRMMMMMRMMLMMMMRMMMMMRMMMMMRMMMMMMRMMMMMRMMMMMRMMMMMRMMMMMRMMMMMRMMMMMRMMMMMMRMMMMMMRMMMMMRMMMMMRMMLMMMMRMMLMMMMRMMMMMRMMMMMRMMMMMRMMMMMMRMMMMMRMMMMMRMMMMMRMMMMMRMMMMMRMMMMMRMMMMMMRMMMMMRMMMMMRMMMMMRMMLMMMMRMMMMMRMMMMMRMMMMMRMMMMMRMMLMMMMRMMMMMMRMMMMMRMMMMMRMMMMMRMMLMMMMRMMLMMMMRMMMMMRMMMMMRMMMMMRMMMMMRMMLMMMMRMMLMMMMRMMMMMMRMMMMMRMMMMMRMMMMMRMMLMMMMRMMLMMMMRMMMMMRMMMMMRMMMMMRMMMMMRMMLMMMMRMMLMMMMRMMMMMMRMMMMMRMMMMMRMMLMMMMRMMMMMRMMMMMMRMMMMMRMMMMMRMMMMMRMMMMMRMMLMMMMRMMLMMMMRMMMMMRMMMMMRMMMMMRMMMMMRMMMMMRMMLMMMMRMMLMMMMRMMLMMMMRMMMMMRMMMMMRMMMMMRMMMMMRMMMMMRMMLMMMMRMMLMMMMRMMLMMMMRMMMMMMRMMMMMRMMMMMRMMMMMRMMMMMRMMMMMRMMMMMRMMLMMMMRMMMMMRMMMMMRMMMMMRMMMMMRMMMMMRMMMMMMRMMMMMRMMLMMMMRMMMMMRMMMMMRMMMMMRMMMMMRMMMMMRMMMMMRMMMMMRMMLMMMMRMMLMMMMRM",3
45,"[45]PoHHHHIHGKHPJCliBbfpuHjIDLLyqvoDQBnvRPQDdgrBt",0.321875,45,"MMMMRMMMMMRMMMMMRMMMMMRMMMMMRMMMMMRMMMMMRMMMMMRMMLMMMMRMMMMMRMMMMMRMMMMMRMMMMMRMMMMMRMMMMMRMMMMMRMMLMMMMRMMMMMRMMMMMRMMMMMRMMMMMRMMMMMRMMMMMRMMMMMRMMLMMMMRMMMMMRMMMMMRMMMMMRMMMMMRMMMMMRMMMMMRMMMMMRMMLMMMMRMMMMMRMMMMMRMMMMMRMMMMMRMMMMMRMMMMMRMMMMMRMMLMMMMRMMMMMRMMMMMRMMMMMRMMMMMRMMMMMRMMMMMRMMMMMRMMLMMMMRMMMMMRMMMMMRMMMMMRMMMMMRMMMMMRMMMMMRMMMMMRMMLMMMMRMMMMMRMMMMMRMMLMMMMRMMMMMRMMMMMRMMMMMRMMMMMRMMMMMRMMMMMRMMMMMRMMLMMMMRMMMMMMRMMMMMRMMMMMRMMMMMRMMMMMMRMMMMMRMMMMMRMMLMMMMRMMMMMRMMMMMRMMMMMRMMMMMRMMMMMRMMMMMRMMMMMRMMMMMRMMLMMMMRMMMMMRMMMMMRMMMMMRMMMMMRMMMMMRMMMMMRMMLMMMMRMMLMMMMRMMMMMRMMMMMRMMMMMRMMMMMRMMMMMRMMLMMMMRMMLMMMMRMMMMMRMMLMMMMRMMLMMMMRMMMMMMRMMMMMRMMMMMRMMMMMRMMMMMRMMMMMRMMLMMMMRMMMMMRMMMMMRMMMMMRMMMMMRMMLMMMMRMMLMMMMRMMMMMMRMMMMMRMMMMMRMMMMMRMMLMMMMRMMMMMRMMMMMRMMMMMRMMMMMRMMLMMMMRMMMMMMRMMMMMRMMMMMRMMMMMRMMLMMMMRMMLMMMMRM",0
46,"[45]PoHHHHIHGKHPJCliBbfpuHjIDLLyqvoDQBnvRPQDdgrBt",0.321875,45,"MMMMRMMMMMRMMMMMRMMMMMRMMMMMRMMMMMRMMMMMRMMMMMRMMLMMMMRMMMMMRMMMMMRMMMMMRMMMMMRMMMMMRMMMMMRMMMMMRMMLMMMMRMMMMMRMMMMMRMMMMMRMMMMMRMMMMMRMMMMMRMMMMMRMMLMMMMRMMMMMRMMMMMRMMMMMRMMMMMRMMMMMRMMMMMRMMMMMRMMLMMMMRMMMMMRMMMMMRMMMMMRMMMMMRMMMMMRMMMMMRMMMMMRMMLMMMMRMMMMMRMMMMMRMMMMMRMMMMMRMMMMMRMMMMMRMMMMMRMMLMMMMRMMMMMRMMMMMRMMMMMRMMMMMRMMMMMRMMMMMRMMMMMRMMLMMMMRMMMMMRMMMMMRMMLMMMMRMMMMMRMMMMMRMMMMMRMMMMMRMMMMMRMMMMMRMMMMMRMMLMMMMRMMMMMMRMMMMMRMMMMMRMMMMMRMMMMMMRMMMMMRMMMMMRMMLMMMMRMMMMMRMMMMMRMMMMMRMMMMMRMMMMMRMMMMMRMMMMMRMMMMMRMMLMMMMRMMMMMRMMMMMRMMMMMRMMMMMRMMMMMRMMMMMRMMLMMMMRMMLMMMMRMMMMMRMMMMMRMMMMMRMMMMMRMMMMMRMMLMMMMRMMLMMMMRMMMMMRMMLMMMMRMMLMMMMRMMMMMMRMMMMMRMMMMMRMMMMMRMMMMMRMMMMMRMMLMMMMRMMMMMRMMMMMRMMMMMRMMMMMRMMLMMMMRMMLMMMMRMMMMMMRMMMMMRMMMMMRMMMMMRMMLMMMMRMMMMMRMMMMMRMMMMMRMMMMMRMMLMMMMRMMMMMMRMMMMMRMMMMMRMMMMMRMMLMMMMRMMLMMMMRM",0
47,"[45]PoHHHHIHGKHPJCliBbfpuHjIDLLyqvoDQBnvRPQDdgrBt",0.413636,45,"MMMMRMMMMMRMMMMMRMMMMMRMMMMMRMMMMMRMMMMMRMMMMMRMMLMMMMRMMMMMRMMMMMRMMMMMRMMMMMRMMMMMRMMMMMMRMMMMMRMMMMMRMMMMMRMMLMMMMRMMMMMRMMMMMRMMMMMMRMMMMMRMMMMMRMMMMMRMMMMMRMMMMMRMMMMMRMMMMMMRMMMMMMRMMMMMRMMMMMRMMLMMMMRMMLMMMMRMMMMMRMMMMMRMMMMMRMMMMMMRMMMMMRMMMMMRMMMMMRMMMMMRMMMMMRMMMMMRMMMMMMRMMMMMRMMMMMRMMMMMRMMLMMMMRMMMMMRMMMMMRMMMMMRMMMMMRMMLMMMMRMMMMMMRMMMMMRMMMMMRMMMMMRMMLMMMMRMMLMMMMRMMMMMRMMMMMRMMMMMRMMMMMRMMLMMMMRMMLMMMMRMMMMMMRMMMMMRMMMMMRMMMMMRMMLMMMMRMMLMMMMRMMMMMRMMMMMRMMMMMRMMMMMRMMLMMMMRMMLMMMMRMMMMMMRMMMMMRMMMMMRMMLMMMMRMMMMMRMMMMMMRMMMMMRMMMMMRMMMMMRMMMMMRMMLMMMMRMMLMMMMRMMMMMRMMMMMRMMMMMRMMMMMRMMMMMRMMLMMMMRMMLMMMMRMMLMMMMRMMMMMRMMMMMRMMMMMRMMMMMRMMMMMRMMLMMMMRMMLMMMMRMMLMMMMRMMMMMMRMMMMMRMMMMMRMMMMMRMMMMMRMMMMMRMMMMMRMMLMMMMRMMMMMRMMMMMRMMMMMRMMMMMRMMMMMRMMMMMMRMMMMMRMMLMMMMRMMMMMRMMMMMRMMMMMRMMMMMRMMMMMRMMMMMRMMMMMRMMLMMMMRMMLMMMMRM",3
48,"[45]PoHHHHIHGKHPJCliBbfpuHjIDLLyqvoDQBnvRPQDdgrBt",0.413636,45,"MMMMRMMMMMRMMMMMRMMMMMRMMMMMRMMMMMRMMMMMRMMMMMRMMLMMMMRMMMMMRMMMMMRMMMMMRMMMMMRMMMMMRMMMMMMRMMMMMRMMMMMRMMMMMRMMLMMMMRMMMMMRMMMMMRMMMMMMRMMMMMRMMMMMRMMMMMRMMMMMRMMMMMRMMMMMRMMMMMMRMMMMMMRMMMMMRMMMMMRMMLMMMMRMMLMMMMRMMMMMRMMMMMRMMMMMRMMMMMMRMMMMMRMMMMMRMMMMMRMMMMMRMMMMMRMMMMMRMMMMMMRMMMMMRMMMMMRMMMMMRMMLMMMMRMMMMMRMMMMMRMMMMMRMMMMMRMMLMMMMRMMMMMMRMMMMMRMMMMMRMMMMMRMMLMMMMRMMLMMMMRMMMMMRMMMMMRMMMMMRMMMMMRMMLMMMMRMMLMMMMRMMMMMMRMMMMMRMMMMMRMMMMMRMMLMMMMRMMLMMMMRMMMMMRMMMMMRMMMMMRMMMMMRMMLMMMMRMMLMMMMRMMMMMMRMMMMMRMMMMMRMMLMMMMRMMMMMRMMMMMMRMMMMMRMMMMMRMMMMMRMMMMMRMMLMMMMRMMLMMMMRMMMMMRMMMMMRMMMMMRMMMMMRMMMMMRMMLMMMMRMMLMMMMRMMLMMMMRMMMMMRMMMMMRMMMMMRMMMMMRMMMMMRMMLMMMMRMMLMMMMRMMLMMMMRMMMMMMRMMMMMRMMMMMRMMMMMRMMMMMRMMMMMRMMMMMRMMLMMMMRMMMMMRMMMMMRMMMMMRMMMMMRMMMMMRMMMMMMRMMMMMRMMLMMMMRMMMMMRMMMMMRMMMMMRMMMMMRMMMMMRMMMMMRMMMMMRMMLMMMMRMMLMMMMRM",3
49,"[45]PoHHHHIHGKHPJCliBbfpuHjIDLLyqvoDQBnvRPQDdgrBt",0.321875,45,"MMMMRMMMMMRMMMMMRMMMMMRMMMMMRMMMMMRMMMMMRMMMMMRMMLMMMMRMMMMMRMMMMMRMMMMMRMMMMMRMMMMMRMMMMMRMMMMMRMMLMMMMRMMMMMRMMMMMRMMMMMRMMMMMRMMMMMRMMMMMRMMMMMRMMLMMMMRMMMMMRMMMMMRMMMMMRMMMMMRMMMMMRMMMMMRMMMMMRMMLMMMMRMMMMMRMMMMMRMMMMMRMMMMMRMMMMMRMMMMMRMMMMMRMMLMMMMRMMMMMRMMMMMRMMMMMRMMMMMRMMMMMRMMMMMRMMMMMRMMLMMMMRMMMMMRMMMMMRMMMMMRMMMMMRMMMMMRMMMMMRMMMMMRMMLMMMMRMMMMMRMMMMMRMMLMMMMRMMMMMRMMMMMRMMMMMRMMMMMRMMMMMRMMMMMRMMMMMRMMLMMMMRMMMMMMRMMMMMRMMMMMRMMMMMRMMMMMMRMMMMMRMMMMMRMMLMMMMRMMMMMRMMMMMRMMMMMRMMMMMRMMMMMRMMMMMRMMMMMRMMMMMRMMLMMMMRMMMMMRMMMMMRMMMMMRMMMMMRMMMMMRMMMMMRMMLMMMMRMMLMMMMRMMMMMRMMMMMRMMMMMRMMMMMRMMMMMRMMLMMMMRMMLMMMMRMMMMMRMMLMMMMRMMLMMMMRMMMMMMRMMMMMRMMMMMRMMMMMRMMMMMRMMMMMRMMLMMMMRMMMMMRMMMMMRMMMMMRMMMMMRMMLMMMMRMMLMMMMRMMMMMMRMMMMMRMMMMMRMMMMMRMMLMMMMRMMMMMRMMMMMRMMMMMRMMMMMRMMLMMMMRMMMMMMRMMMMMRMMMMMRMMMMMRMMLMMMMRMMLMMMMRM",0
50,"[45]PoHHHHIHGKHPJCliBbfpuHjIDLLyqvoDQBnvRPQDdgrBt",0.413636,45,"MMMMRMMMMMRMMMMMRMMMMMRMMMMMRMMMMMRMMMMMRMMMMMRMMLMMMMRMMMMMRMMMMMRMMMMMRMMMMMRMMMMMRMMMMMMRMMMMMRMMMMMRMMMMMRMMLMMMMRMMMMMRMMMMMRMMMMMMRMMMMMRMMMMMRMMMMMRMMMMMRMMMMMRMMMMMRMMMMMMRMMMMMMRMMMMMRMMMMMRMMLMMMMRMMLMMMMRMMMMMRMMMMMRMMMMMRMMMMMMRMMMMMRMMMMMRMMMMMRMMMMMRMMMMMRMMMMMRMMMMMMRMMMMMRMMMMMRMMMMMRMMLMMMMRMMMMMRMMMMMRMMMMMRMMMMMRMMLMMMMRMMMMMMRMMMMMRMMMMMRMMMMMRMMLMMMMRMMLMMMMRMMMMMRMMMMMRMMMMMRMMMMMRMMLMMMMRMMLMMMMRMMMMMMRMMMMMRMMMMMRMMMMMRMMLMMMMRMMLMMMMRMMMMMRMMMMMRMMMMMRMMMMMRMMLMMMMRMMLMMMMRMMMMMMRMMMMMRMMMMMRMMLMMMMRMMMMMRMMMMMMRMMMMMRMMMMMRMMMMMRMMMMMRMMLMMMMRMMLMMMMRMMMMMRMMMMMRMMMMMRMMMMMRMMMMMRMMLMMMMRMMLMMMMRMMLMMMMRMMMMMRMMMMMRMMMMMRMMMMMRMMMMMRMMLMMMMRMMLMMMMRMMLMMMMRMMMMMMRMMMMMRMMMMMRMMMMMRMMMMMRMMMMMRMMMMMRMMLMMMMRMMMMMRMMMMMRMMMMMRMMMMMRMMMMMRMMMMMMRMMMMMRMMLMMMMRMMMMMRMMMMMRMMMMMRMMMMMRMMMMMRMMMMMRMMMMMRMMLMMMMRMMLMMMMRM",3
51,"[45]PoHHHHIHGKHPJCliBbfpuHjIDLLyqvoDQBnvRPQDdgrBt",0.321875,45,"MMMMRMMMMMRMMMMMRMMMMMRMMMMMRMMMMMRMMMMMRMMMMMRMMLMMMMRMMMMMRMMMMMRMMMMMRMMMMMRMMMMMRMMMMMRMMMMMRMMLMMMMRMMMMMRMMMMMRMMMMMRMMMMMRMMMMMRMMMMMRMMMMMRMMLMMMMRMMMMMRMMMMMRMMMMMRMMMMMRMMMMMRMMMMMRMMMMMRMMLMMMMRMMMMMRMMMMMRMMMMMRMMMMMRMMMMMRMMMMMRMMMMMRMMLMMMMRMMMMMRMMMMMRMMMMMRMMMMMRMMMMMRMMMMMRMMMMMRMMLMMMMRMMMMMRMMMMMRMMMMMRMMMMMRMMMMMRMMMMMRMMMMMRMMLMMMMRMMMMMRMMMMMRMMLMMMMRMMMMMRMMMMMRMMMMMRMMMMMRMMMMMRMMMMMRMMMMMRMMLMMMMRMMMMMMRMMMMMRMMMMMRMMMMMRMMMMMMRMMMMMRMMMMMRMMLMMMMRMMMMMRMMMMMRMMMMMRMMMMMRMMMMMRMMMMMRMMMMMRMMMMMRMMLMMMMRMMMMMRMMMMMRMMMMMRMMMMMRMMMMMRMMMMMRMMLMMMMRMMLMMMMRMMMMMRMMMMMRMMMMMRMMMMMRMMMMMRMMLMMMMRMMLMMMMRMMMMMRMMLMMMMRMMLMMMMRMMMMMMRMMMMMRMMMMMRMMMMMRMMMMMRMMMMMRMMLMMMMRMMMMMRMMMMMRMMMMMRMMMMMRMMLMMMMRMMLMMMMRMMMMMMRMMMMMRMMMMMRMMMMMRMMLMMMMRMMMMMRMMMMMRMMMMMRMMMMMRMMLMMMMRMMMMMMRMMMMMRMMMMMRMMMMMRMMLMMMMRMMLMMMMRM",4
52,"[45]PoHHHHIHGKHPJCliBbfpuHjIDLLyqvoDQBnvRPQDdgrBt",0.321875,45,"MMMMRMMMMMRMMMMMRMMMMMRMMMMMRMMMMMRMMMMMRMMMMMRMMLMMMMRMMMMMRMMMMMRMMMMMRMMMMMRMMMMMRMMMMMRMMMMMRMMLMMMMRMMMMMRMMMMMRMMMMMRMMMMMRMMMMMRMMMMMRMMMMMRMMLMMMMRMMMMMRMMMMMRMMMMMRMMMMMRMMMMMRMMMMMRMMMMMRMMLMMMMRMMMMMRMMMMMRMMMMMRMMMMMRMMMMMRMMMMMRMMMMMRMMLMMMMRMMMMMRMMMMMRMMMMMRMMMMMRMMMMMRMMMMMRMMMMMRMMLMMMMRMMMMMRMMMMMRMMMMMRMMMMMRMMMMMRMMMMMRMMMMMRMMLMMMMRMMMMMRMMMMMRMMLMMMMRMMMMMRMMMMMRMMMMMRMMMMMRMMMMMRMMMMMRMMMMMRMMLMMMMRMMMMMMRMMMMMRMMMMMRMMMMMRMMMMMMRMMMMMRMMMMMRMMLMMMMRMMMMMRMMMMMRMMMMMRMMMMMRMMMMMRMMMMMRMMMMMRMMMMMRMMLMMMMRMMMMMRMMMMMRMMMMMRMMMMMRMMMMMRMMMMMRMMLMMMMRMMLMMMMRMMMMMRMMMMMRMMMMMRMMMMMRMMMMMRMMLMMMMRMMLMMMMRMMMMMRMMLMMMMRMMLMMMMRMMMMMMRMMMMMRMMMMMRMMMMMRMMMMMRMMMMMRMMLMMMMRMMMMMRMMMMMRMMMMMRMMMMMRMMLMMMMRMMLMMMMRMMMMMMRMMMMMRMMMMMRMMMMMRMMLMMMMRMMMMMRMMMMMRMMMMMRMMMMMRMMLMMMMRMMMMMMRMMMMMRMMMMMRMMMMMRMMLMMMMRMMLMMMMRM",0
53,"[45]PoHHHHIHGKHPJCliBbfpuHjIDLLyqvoDQBnvRPQDdgrBt",0.424745,45,"MMMMRMMMMMRMMMMMRMMMMMRMMMMMRMMMMMRMMMMMRMMMMMRMMLMMMMRMMMMMRMMMMMRMMMMMRMMMMMRMMMMMRMMMMMRMMMMMRMMLMMMMRMMMMMRMMMMMRMMMMMMRMMMMMRMMMMMRMMMMMRMMMMMRMMLMMMMRMMMMMRMMMMMRMMMMMRMMMMMMRMMMMMRMMMMMRMMMMMRMMLMMMMRMMMMMRMMMMMRMMMMMRMMMMMRMMMMMRMMLMMMMRMMMMMMRMMMMMRMMMMMRMMMMMRMMMMMRMMLMMMMRMMMMMRMMMMMRMMMMMMRMMMMMRMMMMMRMMLMMMMRMMMMMRMMMMMRMMMMMRMMMMMRMMMMMRMMLMMMMRMMMMMRMMMMMRMMMMMRMMMMMRMMLMMMMRMMLMMMMRMMMMMRMMMMMRMMMMMRMMLMMMMRMMMMMRMMMMMRMMLMMMMRMMMMMRMMMMMMRMMLMMMMRMMMMMRMMMMMRMMMMMRMMMMMRMMMMMRMMMMMRMMLMMMMRMMLMMMMRMMMMMRMMMMMRMMMMMRMMMMMRMMMMMRMMMMMRMMLMMMMRMMMMMRMMMMMRMMMMMRMMMMMRMMMMMRMMMMMRMMMMMRMMLMMMMRMMLMMMMRMMMMMRMMMMMRMMMMMRMMMMMRMMMMMRMMMMMRMMMMMMRMMMMMRMMMMMRMMMMMRMMMMMRMMMMMRMMMMMRMMMMMRMMLMMMMRMMLMMMMRMMLMMMMRMMLMMMMRMMMMMRMMMMMRMMMMMRMMMMMRMMMMMRMMMMMRMMMMMRMMLMMMMRMMMMMRMMMMMRMMMMMRMMMMMRMMMMMRMMMMMRMMMMMRMMLMMMMRMMMMMRM",1
54,"[45]PoHHHHIHGKHPJCliBbfpuHjIDLLyqvoDQBnvRPQDdgrBt",0.413636,45,"MMMMRMMMMMRMMMMMRMMMMMRMMMMMRMMMMMRMMMMMRMMMMMRMMLMMMMRMMMMMRMMMMMRMMMMMRMMMMMRMMMMMRMMMMMMRMMMMMRMMMMMRMMMMMRMMLMMMMRMMMMMRMMMMMRMMMMMMRMMMMMRMMMMMRMMMMMRMMMMMRMMMMMRMMMMMRMMMMMMRMMMMMMRMMMMMRMMMMMRMMLMMMMRMMLMMMMRMMMMMRMMMMMRMMMMMRMMMMMMRMMMMMRMMMMMRMMMMMRMMMMMRMMMMMRMMMMMRMMMMMMRMMMMMRMMMMMRMMMMMRMMLMMMMRMMMMMRMMMMMRMMMMMRMMMMMRMMLMMMMRMMMMMMRMMMMMRMMMMMRMMMMMRMMLMMMMRMMLMMMMRMMMMMRMMMMMRMMMMMRMMMMMRMMLMMMMRMMLMMMMRMMMMMMRMMMMMRMMMMMRMMMMMRMMLMMMMRMMLMMMMRMMMMMRMMMMMRMMMMMRMMMMMRMMLMMMMRMMLMMMMRMMMMMMRMMMMMRMMMMMRMMLMMMMRMMMMMRMMMMMMRMMMMMRMMMMMRMMMMMRMMMMMRMMLMMMMRMMLMMMMRMMMMMRMMMMMRMMMMMRMMMMMRMMMMMRMMLMMMMRMMLMMMMRMMLMMMMRMMMMMRMMMMMRMMMMMRMMMMMRMMMMMRMMLMMMMRMMLMMMMRMMLMMMMRMMMMMMRMMMMMRMMMMMRMMMMMRMMMMMRMMMMMRMMMMMRMMLMMMMRMMMMMRMMMMMRMMMMMRMMMMMRMMMMMRMMMMMMRMMMMMRMMLMMMMRMMMMMRMMMMMRMMMMMRMMMMMRMMMMMRMMMMMRMMMMMRMMLMMMMRMMLMMMMRM",3
55,"[45]PoHHHHIHGKHPJCliBbfpuHjIDLLyqvoDQBnvRPQDdgrBt",0.321875,45,"MMMMRMMMMMRMMMMMRMMMMMRMMMMMRMMMMMRMMMMMRMMMMMRMMLMMMMRMMMMMRMMMMMRMMMMMRMMMMMRMMMMMRMMMMMRMMMMMRMMLMMMMRMMMMMRMMMMMRMMMMMRMMMMMRMMMMMRMMMMMRMMMMMRMMLMMMMRMMMMMRMMMMMRMMMMMRMMMMMRMMMMMRMMMMMRMMMMMRMMLMMMMRMMMMMRMMMMMRMMMMMRMMMMMRMMMMMRMMMMMRMMMMMRMMLMMMMRMMMMMRMMMMMRMMMMMRMMMMMRMMMMMRMMMMMRMMMMMRMMLMMMMRMMMMMRMMMMMRMMMMMRMMMMMRMMMMMRMMMMMRMMMMMRMMLMMMMRMMMMMRMMMMMRMMLMMMMRMMMMMRMMMMMRMMMMMRMMMMMRMMMMMRMMMMMRMMMMMRMMLMMMMRMMMMMMRMMMMMRMMMMMRMMMMMRMMMMMMRMMMMMRMMMMMRMMLMMMMRMMMMMRMMMMMRMMMMMRMMMMMRMMMMMRMMMMMRMMMMMRMMMMMRMMLMMMMRMMMMMRMMMMMRMMMMMRMMMMMRMMMMMRMMMMMRMMLMMMMRMMLMMMMRMMMMMRMMMMMRMMMMMRMMMMMRMMMMMRMMLMMMMRMMLMMMMRMMMMMRMMLMMMMRMMLMMMMRMMMMMMRMMMMMRMMMMMRMMMMMRMMMMMRMMMMMRMMLMMMMRMMMMMRMMMMMRMMMMMRMMMMMRMMLMMMMRMMLMMMMRMMMMMMRMMMMMRMMMMMRMMMMMRMMLMMMMRMMMMMRMMMMMRMMMMMRMMMMMRMMLMMMMRMMMMMMRMMMMMRMMMMMRMMMMMRMMLMMMMRMMLMMMMRM",0
56,"[45]PoHHHHIHGKHPJCliBbfpuHjIDLLyqvoDQBnvRPQDdgrBt",0.413636,45,"MMMMRMMMMMRMMMMMRMMMMMRMMMMMRMMMMMRMMMMMRMMMMMRMMLMMMMRMMMMMRMMMMMRMMMMMRMMMMMRMMMMMRMMMMMMRMMMMMRMMMMMRMMMMMRMMLMMMMRMMMMMRMMMMMRMMMMMMRMMMMMRMMMMMRMMMMMRMMMMMRMMMMMRMMMMMRMMMMMMRMMMMMMRMMMMMRMMMMMRMMLMMMMRMMLMMMMRMMMMMRMMMMMRMMMMMRMMMMMMRMMMMMRMMMMMRMMMMMRMMMMMRMMMMMRMMMMMRMMMMMMRMMMMMRMMMMMRMMMMMRMMLMMMMRMMMMMRMMMMMRMMMMMRMMMMMRMMLMMMMRMMMMMMRMMMMMRMMMMMRMMMMMRMMLMMMMRMMLMMMMRMMMMMRMMMMMRMMMMMRMMMMMRMMLMMMMRMMLMMMMRMMMMMMRMMMMMRMMMMMRMMMMMRMMLMMMMRMMLMMMMRMMMMMRMMMMMRMMMMMRMMMMMRMMLMMMMRMMLMMMMRMMMMMMRMMMMMRMMMMMRMMLMMMMRMMMMMRMMMMMMRMMMMMRMMMMMRMMMMMRMMMMMRMMLMMMMRMMLMMMMRMMMMMRMMMMMRMMMMMRMMMMMRMMMMMRMMLMMMMRMMLMMMMRMMLMMMMRMMMMMRMMMMMRMMMMMRMMMMMRMMMMMRMMLMMMMRMMLMMMMRMMLMMMMRMMMMMMRMMMMMRMMMMMRMMMMMRMMMMMRMMMMMRMMMMMRMMLMMMMRMMMMMRMMMMMRMMMMMRMMMMMRMMMMMRMMMMMMRMMMMMRMMLMMMMRMMMMMRMMMMMRMMMMMRMMMMMRMMMMMRMMMMMRMMMMMRMMLMMMMRMMLMMMMRM",3
57,"[45]PoHHHHIHGKHPJCliBbfpuHjIDLLyqvoDQBnvRPQDdgrBt",0.417045,45,"MMMMRMMMMMRMMMMMRMMMMMRMMMMMRMMMMMRMMMMMRMMMMMRMMLMMMMRMMMMMRMMMMMRMMMMMRMMMMMRMMMMMRMMMMMRMMMMMRMMLMMMMRMMMMMRMMMMMRMMMMMRMMMMMRMMMMMRMMMMMRMMMMMRMMLMMMMRMMMMMRMMMMMRMMMMMRMMMMMRMMMMMRMMMMMRMMMMMRMMLMMMMRMMMMMRMMMMMRMMMMMRMMMMMRMMMMMRMMMMMRMMMMMRMMLMMMMRMMMMMRMMMMMRMMMMMRMMMMMRMMMMMRMMMMMRMMMMMRMMLMMMMRMMMMMRMMMMMRMMMMMRMMMMMRMMMMMRMMMMMRMMMMMRMMLMMMMRMMMMMRMMMMMRMMLMMMMRMMMMMRMMMMMRMMMMMRMMMMMRMMMMMRMMMMMRMMMMMRMMLMMMMRMMMMMMRMMMMMRMMMMMRMMMMMRMMMMMRMMMMMRMMMMMRMMLMMMMRMMMMMRMMMMMRMMMMMRMMMMMRMMMMMRMMMMMRMMMMMMRMMMMMRMMLMMMMRMMMMMRMMMMMRMMMMMRMMMMMRMMMMMRMMMMMMRMMMMMRMMMMMRMMMMMRMMMMMMRMMMMMRMMMMMRMMMMMRMMMMMMRMMLMMMMRMMMMMRMMMMMRMMMMMMRMMMMMRMMMMMRMMMMMMRMMMMMRMMLMMMMRMMLMMMMRMMMMMRMMMMMRMMMMMRMMMMMRMMMMMRMMMMMRMMMMMRMMLMMMMRMMMMMRMMMMMRMMMMMRMMMMMRMMMMMRMMMMMRMMLMMMMRMMMMMRMMMMMRMMMMMRMMMMMMRMMMMMRMMLMMMMRMMLMMMMRMMMMMRMMMMMRM",2
58,"[45]PoHHHHIHGKHPJCliBbfpuHjIDLLyqvoDQBnvRPQDdgrBt",0.424745,45,"MMMMRMMMMMRMMMMMRMMMMMRMMMMMRMMMMMRMMMMMRMMMMMRMMLMMMMRMMMMMRMMMMMRMMMMMRMMMMMRMMMMMRMMMMMRMMMMMRMMLMMMMRMMMMMRMMMMMRMMMMMMRMMMMMRMMMMMRMMMMMRMMMMMRMMLMMMMRMMMMMRMMMMMRMMMMMRMMMMMMRMMMMMRMMMMMRMMMMMRMMLMMMMRMMMMMRMMMMMRMMMMMRMMMMMRMMMMMRMMLMMMMRMMMMMMRMMMMMRMMMMMRMMMMMRMMMMMRMMLMMMMRMMMMMRMMMMMRMMMMMMRMMMMMRMMMMMRMMLMMMMRMMMMMRMMMMMRMMMMMRMMMMMRMMMMMRMMLMMMMRMMMMMRMMMMMRMMMMMRMMMMMRMMLMMMMRMMLMMMMRMMMMMRMMMMMRMMMMMRMMLMMMMRMMMMMRMMMMMRMMLMMMMRMMMMMRMMMMMMRMMLMMMMRMMMMMRMMMMMRMMMMMRMMMMMRMMMMMRMMMMMRMMLMMMMRMMLMMMMRMMMMMRMMMMMRMMMMMRMMMMMRMMMMMRMMMMMRMMLMMMMRMMMMMRMMMMMRMMMMMRMMMMMRMMMMMRMMMMMRMMMMMRMMLMMMMRMMLMMMMRMMMMMRMMMMMRMMMMMRMMMMMRMMMMMRMMMMMRMMMMMMRMMMMMRMMMMMRMMMMMRMMMMMRMMMMMRMMMMMRMMMMMRMMLMMMMRMMLMMMMRMMLMMMMRMMLMMMMRMMMMMRMMMMMRMMMMMRMMMMMRMMMMMRMMMMMRMMMMMRMMLMMMMRMMMMMRMMMMMRMMMMMRMMMMMRMMMMMRMMMMMRMMMMMRMMLMMMMRMMMMMRM",1
59,"[45]PoHHHHIHGKHPJCliBbfpuHjIDLLyqvoDQBnvRPQDdgrBt",0.321875,45,"MMMMRMMMMMRMMMMMRMMMMMRMMMMMRMMMMMRMMMMMRMMMMMRMMLMMMMRMMMMMRMMMMMRMMMMMRMMMMMRMMMMMRMMMMMRMMMMMRMMLMMMMRMMMMMRMMMMMRMMMMMRMMMMMRMMMMMRMMMMMRMMMMMRMMLMMMMRMMMMMRMMMMMRMMMMMRMMMMMRMMMMMRMMMMMRMMMMMRMMLMMMMRMMMMMRMMMMMRMMMMMRMMMMMRMMMMMRMMMMMRMMMMMRMMLMMMMRMMMMMRMMMMMRMMMMMRMMMMMRMMMMMRMMMMMRMMMMMRMMLMMMMRMMMMMRMMMMMRMMMMMRMMMMMRMMMMMRMMMMMRMMMMMRMMLMMMMRMMMMMRMMMMMRMMLMMMMRMMMMMRMMMMMRMMMMMRMMMMMRMMMMMRMMMMMRMMMMMRMMLMMMMRMMMMMMRMMMMMRMMMMMRMMMMMRMMMMMMRMMMMMRMMMMMRMMLMMMMRMMMMMRMMMMMRMMMMMRMMMMMRMMMMMRMMMMMRMMMMMRMMMMMRMMLMMMMRMMMMMRMMMMMRMMMMMRMMMMMRMMMMMRMMMMMRMMLMMMMRMMLMMMMRMMMMMRMMMMMRMMMMMRMMMMMRMMMMMRMMLMMMMRMMLMMMMRMMMMMRMMLMMMMRMMLMMMMRMMMMMMRMMMMMRMMMMMRMMMMMRMMMMMRMMMMMRMMLMMMMRMMMMMRMMMMMRMMMMMRMMMMMRMMLMMMMRMMLMMMMRMMMMMMRMMMMMRMMMMMRMMMMMRMMLMMMMRMMMMMRMMMMMRMMMMMRMMMMMRMMLMMMMRMMMMMMRMMMMMRMMMMMRMMMMMRMMLMMMMRMMLMMMMRM",4
60,"[45]PoHHHHIHGKHPJCliBbfpuHjIDLLyqvoDQBnvRPQDdgrBt",0.321875,45,"MMMMRMMMMMRMMMMMRMMMMMRMMMMMRMMMMMRMMMMMRMMMMMRMMLMMMMRMMMMMRMMMMMRMMMMMRMMMMMRMMMMMRMMMMMRMMMMMRMMLMMMMRMMMMMRMMMMMRMMMMMRMMMMMRMMMMMRMMMMMRMMMMMRMMLMMMMRMMMMMRMMMMMRMMMMMRMMMMMRMMMMMRMMMMMRMMMMMRMMLMMMMRMMMMMRMMMMMRMMMMMRMMMMMRMMMMMRMMMMMRMMMMMRMMLMMMMRMMMMMRMMMMMRMMMMMRMMMMMRMMMMMRMMMMMRMMMMMRMMLMMMMRMMMMMRMMMMMRMMMMMRMMMMMRMMMMMRMMMMMRMMMMMRMMLMMMMRMMMMMRMMMMMRMMLMMMMRMMMMMRMMMMMRMMMMMRMMMMMRMMMMMRMMMMMRMMMMMRMMLMMMMRMMMMMMRMMMMMRMMMMMRMMMMMRMMMMMMRMMMMMRMMMMMRMMLMMMMRMMMMMRMMMMMRMMMMMRMMMMMRMMMMMRMMMMMRMMMMMRMMMMMRMMLMMMMRMMMMMRMMMMMRMMMMMRMMMMMRMMMMMRMMMMMRMMLMMMMRMMLMMMMRMMMMMRMMMMMRMMMMMRMMMMMRMMMMMRMMLMMMMRMMLMMMMRMMMMMRMMLMMMMRMMLMMMMRMMMMMMRMMMMMRMMMMMRMMMMMRMMMMMRMMMMMRMMLMMMMRMMMMMRMMMMMRMMMMMRMMMMMRMMLMMMMRMMLMMMMRMMMMMMRMMMMMRMMMMMRMMMMMRMMLMMMMRMMMMMRMMMMMRMMMMMRMMMMMRMMLMMMMRMMMMMMRMMMMMRMMMMMRMMMMMRMMLMMMMRMMLMMMMRM",4
61,"[45]PoHHHHIHGKHPJCliBbfpuHjIDLLyqvoDQBnvRPQDdgrBt",0.321875,45,"MMMMRMMMMMRMMMMMRMMMMMRMMMMMRMMMMMRMMMMMRMMMMMRMMLMMMMRMMMMMRMMMMMRMMMMMRMMMMMRMMMMMRMMMMMRMMMMMRMMLMMMMRMMMMMRMMMMMRMMMMMRMMMMMRMMMMMRMMMMMRMMMMMRMMLMMMMRMMMMMRMMMMMRMMMMMRMMMMMRMMMMMRMMMMMRMMMMMRMMLMMMMRMMMMMRMMMMMRMMMMMRMMMMMRMMMMMRMMMMMRMMMMMRMMLMMMMRMMMMMRMMMMMRMMMMMRMMMMMRMMMMMRMMMMMRMMMMMRMMLMMMMRMMMMMRMMMMMRMMMMMRMMMMMRMMMMMRMMMMMRMMMMMRMMLMMMMRMMMMMRMMMMMRMMLMMMMRMMMMMRMMMMMRMMMMMRMMMMMRMMMMMRMMMMMRMMMMMRMMLMMMMRMMMMMMRMMMMMRMMMMMRMMMMMRMMMMMMRMMMMMRMMMMMRMMLMMMMRMMMMMRMMMMMRMMMMMRMMMMMRMMMMMRMMMMMRMMMMMRMMMMMRMMLMMMMRMMMMMRMMMMMRMMMMMRMMMMMRMMMMMRMMMMMRMMLMMMMRMMLMMMMRMMMMMRMMMMMRMMMMMRMMMMMRMMMMMRMMLMMMMRMMLMMMMRMMMMMRMMLMMMMRMMLMMMMRMMMMMMRMMMMMRMMMMMRMMMMMRMMMMMRMMMMMRMMLMMMMRMMMMMRMMMMMRMMMMMRMMMMMRMMLMMMMRMMLMMMMRMMMMMMRMMMMMRMMMMMRMMMMMRMMLMMMMRMMMMMRMMMMMRMMMMMRMMMMMRMMLMMMMRMMMMMMRMMMMMRMMMMMRMMMMMRMMLMMMMRMMLMMMMRM",0
62,"[45]PoHHHHIHGKHPJCliBbfpuHjIDLLyqvoDQBnvRPQDdgrBt",0.413636,45,"MMMMRMMMMMRMMMMMRMMMMMRMMMMMRMMMMMRMMMMMRMMMMMRMMLMMMMRMMMMMRMMMMMRMMMMMRMMMMMRMMMMMRMMMMMMRMMMMMRMMMMMRMMMMMRMMLMMMMRMMMMMRMMMMMRMMMMMMRMMMMMRMMMMMRMMMMMRMMMMMRMMMMMRMMMMMRMMMMMMRMMMMMMRMMMMMRMMMMMRMMLMMMMRMMLMMMMRMMMMMRMMMMMRMMMMMRMMMMMMRMMMMMRMMMMMRMMMMMRMMMMMRMMMMMRMMMMMRMMMMMMRMMMMMRMMMMMRMMMMMRMMLMMMMRMMMMMRMMMMMRMMMMMRMMMMMRMMLMMMMRMMMMMMRMMMMMRMMMMMRMMMMMRMMLMMMMRMMLMMMMRMMMMMRMMMMMRMMMMMRMMMMMRMMLMMMMRMMLMMMMRMMMMMMRMMMMMRMMMMMRMMMMMRMMLMMMMRMMLMMMMRMMMMMRMMMMMRMMMMMRMMMMMRMMLMMMMRMMLMMMMRMMMMMMRMMMMMRMMMMMRMMLMMMMRMMMMMRMMMMMMRMMMMMRMMMMMRMMMMMRMMMMMRMMLMMMMRMMLMMMMRMMMMMRMMMMMRMMMMMRMMMMMRMMMMMRMMLMMMMRMMLMMMMRMMLMMMMRMMMMMRMMMMMRMMMMMRMMMMMRMMMMMRMMLMMMMRMMLMMMMRMMLMMMMRMMMMMMRMMMMMRMMMMMRMMMMMRMMMMMRMMMMMRMMMMMRMMLMMMMRMMMMMRMMMMMRMMMMMRMMMMMRMMMMMRMMMMMMRMMMMMRMMLMMMMRMMMMMRMMMMMRMMMMMRMMMMMRMMMMMRMMMMMRMMMMMRMMLMMMMRMMLMMMMRM",3
63,"[45]PoHHHHIHGKHPJCliBbfpuHjIDLLyqvoDQBnvRPQDdgrBt",0.424745,45,"MMMMRMMMMMRMMMMMRMMMMMRMMMMMRMMMMMRMMMMMRMMMMMRMMLMMMMRMMMMMRMMMMMRMMMMMRMMMMMRMMMMMRMMMMMRMMMMMRMMLMMMMRMMMMMRMMMMMRMMMMMMRMMMMMRMMMMMRMMMMMRMMMMMRMMLMMMMRMMMMMRMMMMMRMMMMMRMMMMMMRMMMMMRMMMMMRMMMMMRMMLMMMMRMMMMMRMMMMMRMMMMMRMMMMMRMMMMMRMMLMMMMRMMMMMMRMMMMMRMMMMMRMMMMMRMMMMMRMMLMMMMRMMMMMRMMMMMRMMMMMMRMMMMMRMMMMMRMMLMMMMRMMMMMRMMMMMRMMMMMRMMMMMRMMMMMRMMLMMMMRMMMMMRMMMMMRMMMMMRMMMMMRMMLMMMMRMMLMMMMRMMMMMRMMMMMRMMMMMRMMLMMMMRMMMMMRMMMMMRMMLMMMMRMMMMMRMMMMMMRMMLMMMMRMMMMMRMMMMMRMMMMMRMMMMMRMMMMMRMMMMMRMMLMMMMRMMLMMMMRMMMMMRMMMMMRMMMMMRMMMMMRMMMMMRMMMMMRMMLMMMMRMMMMMRMMMMMRMMMMMRMMMMMRMMMMMRMMMMMRMMMMMRMMLMMMMRMMLMMMMRMMMMMRMMMMMRMMMMMRMMMMMRMMMMMRMMMMMRMMMMMMRMMMMMRMMMMMRMMMMMRMMMMMRMMMMMRMMMMMRMMMMMRMMLMMMMRMMLMMMMRMMLMMMMRMMLMMMMRMMMMMRMMMMMRMMMMMRMMMMMRMMMMMRMMMMMRMMMMMRMMLMMMMRMMMMMRMMMMMRMMMMMRMMMMMRMMMMMRMMMMMRMMMMMRMMLMMMMRMMMMMRM",1
64,"[45]PoHHHHIHGKHPJCliBbfpuHjIDLLyqvoDQBnvRPQDdgrBt",0.321875,45,"MMMMRMMMMMRMMMMMRMMMMMRMMMMMRMMMMMRMMMMMRMMMMMRMMLMMMMRMMMMMRMMMMMRMMMMMRMMMMMRMMMMMRMMMMMRMMMMMRMMLMMMMRMMMMMRMMMMMRMMMMMRMMMMMRMMMMMRMMMMMRMMMMMRMMLMMMMRMMMMMRMMMMMRMMMMMRMMMMMRMMMMMRMMMMMRMMMMMRMMLMMMMRMMMMMRMMMMMRMMMMMRMMMMMRMMMMMRMMMMMRMMMMMRMMLMMMMRMMMMMRMMMMMRMMMMMRMMMMMRMMMMMRMMMMMRMMMMMRMMLMMMMRMMMMMRMMMMMRMMMMMRMMMMMRMMMMMRMMMMMRMMMMMRMMLMMMMRMMMMMRMMMMMRMMLMMMMRMMMMMRMMMMMRMMMMMRMMMMMRMMMMMRMMMMMRMMMMMRMMLMMMMRMMMMMMRMMMMMRMMMMMRMMMMMRMMMMMMRMMMMMRMMMMMRMMLMMMMRMMMMMRMMMMMRMMMMMRMMMMMRMMMMMRMMMMMRMMMMMRMMMMMRMMLMMMMRMMMMMRMMMMMRMMMMMRMMMMMRMMMMMRMMMMMRMMLMMMMRMMLMMMMRMMMMMRMMMMMRMMMMMRMMMMMRMMMMMRMMLMMMMRMMLMMMMRMMMMMRMMLMMMMRMMLMMMMRMMMMMMRMMMMMRMMMMMRMMMMMRMMMMMRMMMMMRMMLMMMMRMMMMMRMMMMMRMMMMMRMMMMMRMMLMMMMRMMLMMMMRMMMMMMRMMMMMRMMMMMRMMMMMRMMLMMMMRMMMMMRMMMMMRMMMMMRMMMMMRMMLMMMMRMMMMMMRMMMMMRMMMMMRMMMMMRMMLMMMMRMMLMMMMRM",4
65,"[45]PoHHHHIHGKHPJCliBbfpuHjIDLLyqvoDQBnvRPQDdgrBt",0.417045,45,"MMMMRMMMMMRMMMMMRMMMMMRMMMMMRMMMMMRMMMMMRMMMMMRMMLMMMMRMMMMMRMMMMMRMMMMMRMMMMMRMMMMMRMMMMMRMMMMMRMMLMMMMRMMMMMRMMMMMRMMMMMRMMMMMRMMMMMRMMMMMRMMMMMRMMLMMMMRMMMMMRMMMMMRMMMMMRMMMMMRMMMMMRMMMMMRMMMMMRMMLMMMMRMMMMMRMMMMMRMMMMMRMMMMMRMMMMMRMMMMMRMMMMMRMMLMMMMRMMMMMRMMMMMRMMMMMRMMMMMRMMMMMRMMMMMRMMMMMRMMLMMMMRMMMMMRMMMMMRMMMMMRMMMMMRMMMMMRMMMMMRMMMMMRMMLMMMMRMMMMMRMMMMMRMMLMMMMRMMMMMRMMMMMRMMMMMRMMMMMRMMMMMRMMMMMRMMMMMRMMLMMMMRMMMMMMRMMMMMRMMMMMRMMMMMRMMMMMRMMMMMRMMMMMRMMLMMMMRMMMMMRMMMMMRMMMMMRMMMMMRMMMMMRMMMMMRMMMMMMRMMMMMRMMLMMMMRMMMMMRMMMMMRMMMMMRMMMMMRMMMMMRMMMMMMRMMMMMRMMMMMRMMMMMRMMMMMMRMMMMMRMMMMMRMMMMMRMMMMMMRMMLMMMMRMMMMMRMMMMMRMMMMMMRMMMMMRMMMMMRMMMMMMRMMMMMRMMLMMMMRMMLMMMMRMMMMMRMMMMMRMMMMMRMMMMMRMMMMMRMMMMMRMMMMMRMMLMMMMRMMMMMRMMMMMRMMMMMRMMMMMRMMMMMRMMMMMRMMLMMMMRMMMMMRMMMMMRMMMMMRMMMMMMRMMMMMRMMLMMMMRMMLMMMMRMMMMMRMMMMMRM",2
66,"[45]PoHHHHIHGKHPJCliBbfpuHjIDLLyqvoDQBnvRPQDdgrBt",0.321875,45,"MMMMRMMMMMRMMMMMRMMMMMRMMMMMRMMMMMRMMMMMRMMMMMRMMLMMMMRMMMMMRMMMMMRMMMMMRMMMMMRMMMMMRMMMMMRMMMMMRMMLMMMMRMMMMMRMMMMMRMMMMMRMMMMMRMMMMMRMMMMMRMMMMMRMMLMMMMRMMMMMRMMMMMRMMMMMRMMMMMRMMMMMRMMMMMRMMMMMRMMLMMMMRMMMMMRMMMMMRMMMMMRMMMMMRMMMMMRMMMMMRMMMMMRMMLMMMMRMMMMMRMMMMMRMMMMMRMMMMMRMMMMMRMMMMMRMMMMMRMMLMMMMRMMMMMRMMMMMRMMMMMRMMMMMRMMMMMRMMMMMRMMMMMRMMLMMMMRMMMMMRMMMMMRMMLMMMMRMMMMMRMMMMMRMMMMMRMMMMMRMMMMMRMMMMMRMMMMMRMMLMMMMRMMMMMMRMMMMMRMMMMMRMMMMMRMMMMMMRMMMMMRMMMMMRMMLMMMMRMMMMMRMMMMMRMMMMMRMMMMMRMMMMMRMMMMMRMMMMMRMMMMMRMMLMMMMRMMMMMRMMMMMRMMMMMRMMMMMRMMMMMRMMMMMRMMLMMMMRMMLMMMMRMMMMMRMMMMMRMMMMMRMMMMMRMMMMMRMMLMMMMRMMLMMMMRMMMMMRMMLMMMMRMMLMMMMRMMMMMMRMMMMMRMMMMMRMMMMMRMMMMMRMMMMMRMMLMMMMRMMMMMRMMMMMRMMMMMRMMMMMRMMLMMMMRMMLMMMMRMMMMMMRMMMMMRMMMMMRMMMMMRMMLMMMMRMMMMMRMMMMMRMMMMMRMMMMMRMMLMMMMRMMMMMMRMMMMMRMMMMMRMMMMMRMMLMMMMRMMLMMMMRM",0
67,"[45]PoHHHHIHGKHPJCliBbfpuHjIDLLyqvoDQBnvRPQDdgrBt",0.424745,45,"MMMMRMMMMMRMMMMMRMMMMMRMMMMMRMMMMMRMMMMMRMMMMMRMMLMMMMRMMMMMRMMMMMRMMMMMRMMMMMRMMMMMRMMMMMRMMMMMRMMLMMMMRMMMMMRMMMMMRMMMMMMRMMMMMRMMMMMRMMMMMRMMMMMRMMLMMMMRMMMMMRMMMMMRMMMMMRMMMMMMRMMMMMRMMMMMRMMMMMRMMLMMMMRMMMMMRMMMMMRMMMMMRMMMMMRMMMMMRMMLMMMMRMMMMMMRMMMMMRMMMMMRMMMMMRMMMMMRMMLMMMMRMMMMMRMMMMMRMMMMMMRMMMMMRMMMMMRMMLMMMMRMMMMMRMMMMMRMMMMMRMMMMMRMMMMMRMMLMMMMRMMMMMRMMMMMRMMMMMRMMMMMRMMLMMMMRMMLMMMMRMMMMMRMMMMMRMMMMMRMMLMMMMRMMMMMRMMMMMRMMLMMMMRMMMMMRMMMMMMRMMLMMMMRMMMMMRMMMMMRMMMMMRMMMMMRMMMMMRMMMMMRMMLMMMMRMMLMMMMRMMMMMRMMMMMRMMMMMRMMMMMRMMMMMRMMMMMRMMLMMMMRMMMMMRMMMMMRMMMMMRMMMMMRMMMMMRMMMMMRMMMMMRMMLMMMMRMMLMMMMRMMMMMRMMMMMRMMMMMRMMMMMRMMMMMRMMMMMRMMMMMMRMMMMMRMMMMMRMMMMMRMMMMMRMMMMMRMMMMMRMMMMMRMMLMMMMRMMLMMMMRMMLMMMMRMMLMMMMRMMMMMRMMMMMRMMMMMRMMMMMRMMMMMRMMMMMRMMMMMRMMLMMMMRMMMMMRMMMMMRMMMMMRMMMMMRMMMMMRMMMMMRMMMMMRMMLMMMMRMMMMMRM",1
68,"[45]PoHHHHIHGKHPJCliBbfpuHjIDLLyqvoDQBnvRPQDdgrBt",0.321875,45,"MMMMRMMMMMRMMMMMRMMMMMRMMMMMRMMMMMRMMMMMRMMMMMRMMLMMMMRMMMMMRMMMMMRMMMMMRMMMMMRMMMMMRMMMMMRMMMMMRMMLMMMMRMMMMMRMMMMMRMMMMMRMMMMMRMMMMMRMMMMMRMMMMMRMMLMMMMRMMMMMRMMMMMRMMMMMRMMMMMRMMMMMRMMMMMRMMMMMRMMLMMMMRMMMMMRMMMMMRMMMMMRMMMMMRMMMMMRMMMMMRMMMMMRMMLMMMMRMMMMMRMMMMMRMMMMMRMMMMMRMMMMMRMMMMMRMMMMMRMMLMMMMRMMMMMRMMMMMRMMMMMRMMMMMRMMMMMRMMMMMRMMMMMRMMLMMMMRMMMMMRMMMMMRMMLMMMMRMMMMMRMMMMMRMMMMMRMMMMMRMMMMMRMMMMMRMMMMMRMMLMMMMRMMMMMMRMMMMMRMMMMMRMMMMMRMMMMMMRMMMMMRMMMMMRMMLMMMMRMMMMMRMMMMMRMMMMMRMMMMMRMMMMMRMMMMMRMMMMMRMMMMMRMMLMMMMRMMMMMRMMMMMRMMMMMRMMMMMRMMMMMRMMMMMRMMLMMMMRMMLMMMMRMMMMMRMMMMMRMMMMMRMMMMMRMMMMMRMMLMMMMRMMLMMMMRMMMMMRMMLMMMMRMMLMMMMRMMMMMMRMMMMMRMMMMMRMMMMMRMMMMMRMMMMMRMMLMMMMRMMMMMRMMMMMRMMMMMRMMMMMRMMLMMMMRMMLMMMMRMMMMMMRMMMMMRMMMMMRMMMMMRMMLMMMMRMMMMMRMMMMMRMMMMMRMMMMMRMMLMMMMRMMMMMMRMMMMMRMMMMMRMMMMMRMMLMMMMRMMLMMMMRM",4
69,"[45]PoHHHHIHGKHPJCliBbfpuHjIDLLyqvoDQBnvRPQDdgrBt",0.321875,45,"MMMMRMMMMMRMMMMMRMMMMMRMMMMMRMMMMMRMMMMMRMMMMMRMMLMMMMRMMMMMRMMMMMRMMMMMRMMMMMRMMMMMRMMMMMRMMMMMRMMLMMMMRMMMMMRMMMMMRMMMMMRMMMMMRMMMMMRMMMMMRMMMMMRMMLMMMMRMMMMMRMMMMMRMMMMMRMMMMMRMMMMMRMMMMMRMMMMMRMMLMMMMRMMMMMRMMMMMRMMMMMRMMMMMRMMMMMRMMMMMRMMMMMRMMLMMMMRMMMMMRMMMMMRMMMMMRMMMMMRMMMMMRMMMMMRMMMMMRMMLMMMMRMMMMMRMMMMMRMMMMMRMMMMMRMMMMMRMMMMMRMMMMMRMMLMMMMRMMMMMRMMMMMRMMLMMMMRMMMMMRMMMMMRMMMMMRMMMMMRMMMMMRMMMMMRMMMMMRMMLMMMMRMMMMMMRMMMMMRMMMMMRMMMMMRMMMMMMRMMMMMRMMMMMRMMLMMMMRMMMMMRMMMMMRMMMMMRMMMMMRMMMMMRMMMMMRMMMMMRMMMMMRMMLMMMMRMMMMMRMMMMMRMMMMMRMMMMMRMMMMMRMMMMMRMMLMMMMRMMLMMMMRMMMMMRMMMMMRMMMMMRMMMMMRMMMMMRMMLMMMMRMMLMMMMRMMMMMRMMLMMMMRMMLMMMMRMMMMMMRMMMMMRMMMMMRMMMMMRMMMMMRMMMMMRMMLMMMMRMMMMMRMMMMMRMMMMMRMMMMMRMMLMMMMRMMLMMMMRMMMMMMRMMMMMRMMMMMRMMMMMRMMLMMMMRMMMMMRMMMMMRMMMMMRMMMMMRMMLMMMMRMMMMMMRMMMMMRMMMMMRMMMMMRMMLMMMMRMMLMMMMRM",0
70,"[45]PoHHHHIHGKHPJCliBbfpuHjIDLLyqvoDQBnvRPQDdgrBt",0.413636,45,"MMMMRMMMMMRMMMMMRMMMMMRMMMMMRMMMMMRMMMMMRMMMMMRMMLMMMMRMMMMMRMMMMMRMMMMMRMMMMMRMMMMMRMMMMMMRMMMMMRMMMMMRMMMMMRMMLMMMMRMMMMMRMMMMMRMMMMMMRMMMMMRMMMMMRMMMMMRMMMMMRMMMMMRMMMMMRMMMMMMRMMMMMMRMMMMMRMMMMMRMMLMMMMRMMLMMMMRMMMMMRMMMMMRMMMMMRMMMMMMRMMMMMRMMMMMRMMMMMRMMMMMRMMMMMRMMMMMRMMMMMMRMMMMMRMMMMMRMMMMMRMMLMMMMRMMMMMRMMMMMRMMMMMRMMMMMRMMLMMMMRMMMMMMRMMMMMRMMMMMRMMMMMRMMLMMMMRMMLMMMMRMMMMMRMMMMMRMMMMMRMMMMMRMMLMMMMRMMLMMMMRMMMMMMRMMMMMRMMMMMRMMMMMRMMLMMMMRMMLMMMMRMMMMMRMMMMMRMMMMMRMMMMMRMMLMMMMRMMLMMMMRMMMMMMRMMMMMRMMMMMRMMLMMMMRMMMMMRMMMMMMRMMMMMRMMMMMRMMMMMRMMMMMRMMLMMMMRMMLMMMMRMMMMMRMMMMMRMMMMMRMMMMMRMMMMMRMMLMMMMRMMLMMMMRMMLMMMMRMMMMMRMMMMMRMMMMMRMMMMMRMMMMMRMMLMMMMRMMLMMMMRMMLMMMMRMMMMMMRMMMMMRMMMMMRMMMMMRMMMMMRMMMMMRMMMMMRMMLMMMMRMMMMMRMMMMMRMMMMMRMMMMMRMMMMMRMMMMMMRMMMMMRMMLMMMMRMMMMMRMMMMMRMMMMMRMMMMMRMMMMMRMMMMMRMMMMMRMMLMMMMRMMLMMMMRM",3
71,"[45]PoHHHHIHGKHPJCliBbfpuHjIDLLyqvoDQBnvRPQDdgrBt",0.321875,45,"MMMMRMMMMMRMMMMMRMMMMMRMMMMMRMMMMMRMMMMMRMMMMMRMMLMMMMRMMMMMRMMMMMRMMMMMRMMMMMRMMMMMRMMMMMRMMMMMRMMLMMMMRMMMMMRMMMMMRMMMMMRMMMMMRMMMMMRMMMMMRMMMMMRMMLMMMMRMMMMMRMMMMMRMMMMMRMMMMMRMMMMMRMMMMMRMMMMMRMMLMMMMRMMMMMRMMMMMRMMMMMRMMMMMRMMMMMRMMMMMRMMMMMRMMLMMMMRMMMMMRMMMMMRMMMMMRMMMMMRMMMMMRMMMMMRMMMMMRMMLMMMMRMMMMMRMMMMMRMMMMMRMMMMMRMMMMMRMMMMMRMMMMMRMMLMMMMRMMMMMRMMMMMRMMLMMMMRMMMMMRMMMMMRMMMMMRMMMMMRMMMMMRMMMMMRMMMMMRMMLMMMMRMMMMMMRMMMMMRMMMMMRMMMMMRMMMMMMRMMMMMRMMMMMRMMLMMMMRMMMMMRMMMMMRMMMMMRMMMMMRMMMMMRMMMMMRMMMMMRMMMMMRMMLMMMMRMMMMMRMMMMMRMMMMMRMMMMMRMMMMMRMMMMMRMMLMMMMRMMLMMMMRMMMMMRMMMMMRMMMMMRMMMMMRMMMMMRMMLMMMMRMMLMMMMRMMMMMRMMLMMMMRMMLMMMMRMMMMMMRMMMMMRMMMMMRMMMMMRMMMMMRMMMMMRMMLMMMMRMMMMMRMMMMMRMMMMMRMMMMMRMMLMMMMRMMLMMMMRMMMMMMRMMMMMRMMMMMRMMMMMRMMLMMMMRMMMMMRMMMMMRMMMMMRMMMMMRMMLMMMMRMMMMMMRMMMMMRMMMMMRMMMMMRMMLMMMMRMMLMMMMRM",4
72,"[45]PoHHHHIHGKHPJCliBbfpuHjIDLLyqvoDQBnvRPQDdgrBt",0.321875,45,"MMMMRMMMMMRMMMMMRMMMMMRMMMMMRMMMMMRMMMMMRMMMMMRMMLMMMMRMMMMMRMMMMMRMMMMMRMMMMMRMMMMMRMMMMMRMMMMMRMMLMMMMRMMMMMRMMMMMRMMMMMRMMMMMRMMMMMRMMMMMRMMMMMRMMLMMMMRMMMMMRMMMMMRMMMMMRMMMMMRMMMMMRMMMMMRMMMMMRMMLMMMMRMMMMMRMMMMMRMMMMMRMMMMMRMMMMMRMMMMMRMMMMMRMMLMMMMRMMMMMRMMMMMRMMMMMRMMMMMRMMMMMRMMMMMRMMMMMRMMLMMMMRMMMMMRMMMMMRMMMMMRMMMMMRMMMMMRMMMMMRMMMMMRMMLMMMMRMMMMMRMMMMMRMMLMMMMRMMMMMRMMMMMRMMMMMRMMMMMRMMMMMRMMMMMRMMMMMRMMLMMMMRMMMMMMRMMMMMRMMMMMRMMMMMRMMMMMMRMMMMMRMMMMMRMMLMMMMRMMMMMRMMMMMRMMMMMRMMMMMRMMMMMRMMMMMRMMMMMRMMMMMRMMLMMMMRMMMMMRMMMMMRMMMMMRMMMMMRMMMMMRMMMMMRMMLMMMMRMMLMMMMRMMMMMRMMMMMRMMMMMRMMMMMRMMMMMRMMLMMMMRMMLMMMMRMMMMMRMMLMMMMRMMLMMMMRMMMMMMRMMMMMRMMMMMRMMMMMRMMMMMRMMMMMRMMLMMMMRMMMMMRMMMMMRMMMMMRMMMMMRMMLMMMMRMMLMMMMRMMMMMMRMMMMMRMMMMMRMMMMMRMMLMMMMRMMMMMRMMMMMRMMMMMRMMMMMRMMLMMMMRMMMMMMRMMMMMRMMMMMRMMMMMRMMLMMMMRMMLMMMMRM",4
73,"[45]PoHHHHIHGKHPJCliBbfpuHjIDLLyqvoDQBnvRPQDdgrBt",0.321875,45,"MMMMRMMMMMRMMMMMRMMMMMRMMMMMRMMMMMRMMMMMRMMMMMRMMLMMMMRMMMMMRMMMMMRMMMMMRMMMMMRMMMMMRMMMMMRMMMMMRMMLMMMMRMMMMMRMMMMMRMMMMMRMMMMMRMMMMMRMMMMMRMMMMMRMMLMMMMRMMMMMRMMMMMRMMMMMRMMMMMRMMMMMRMMMMMRMMMMMRMMLMMMMRMMMMMRMMMMMRMMMMMRMMMMMRMMMMMRMMMMMRMMMMMRMMLMMMMRMMMMMRMMMMMRMMMMMRMMMMMRMMMMMRMMMMMRMMMMMRMMLMMMMRMMMMMRMMMMMRMMMMMRMMMMMRMMMMMRMMMMMRMMMMMRMMLMMMMRMMMMMRMMMMMRMMLMMMMRMMMMMRMMMMMRMMMMMRMMMMMRMMMMMRMMMMMRMMMMMRMMLMMMMRMMMMMMRMMMMMRMMMMMRMMMMMRMMMMMMRMMMMMRMMMMMRMMLMMMMRMMMMMRMMMMMRMMMMMRMMMMMRMMMMMRMMMMMRMMMMMRMMMMMRMMLMMMMRMMMMMRMMMMMRMMMMMRMMMMMRMMMMMRMMMMMRMMLMMMMRMMLMMMMRMMMMMRMMMMMRMMMMMRMMMMMRMMMMMRMMLMMMMRMMLMMMMRMMMMMRMMLMMMMRMMLMMMMRMMMMMMRMMMMMRMMMMMRMMMMMRMMMMMRMMMMMRMMLMMMMRMMMMMRMMMMMRMMMMMRMMMMMRMMLMMMMRMMLMMMMRMMMMMMRMMMMMRMMMMMRMMMMMRMMLMMMMRMMMMMRMMMMMRMMMMMRMMMMMRMMLMMMMRMMMMMMRMMMMMRMMMMMRMMMMMRMMLMMMMRMMLMMMMRM",4
74,"[45]PoHHHHIHGKHPJCliBbfpuHjIDLLyqvoDQBnvRPQDdgrBt",0.424745,45,"MMMMRMMMMMRMMMMMRMMMMMRMMMMMRMMMMMRMMMMMRMMMMMRMMLMMMMRMMMMMRMMMMMRMMMMMRMMMMMRMMMMMRMMMMMRMMMMMRMMLMMMMRMMMMMRMMMMMRMMMMMMRMMMMMRMMMMMRMMMMMRMMMMMRMMLMMMMRMMMMMRMMMMMRMMMMMRMMMMMMRMMMMMRMMMMMRMMMMMRMMLMMMMRMMMMMRMMMMMRMMMMMRMMMMMRMMMMMRMMLMMMMRMMMMMMRMMMMMRMMMMMRMMMMMRMMMMMRMMLMMMMRMMMMMRMMMMMRMMMMMMRMMMMMRMMMMMRMMLMMMMRMMMMMRMMMMMRMMMMMRMMMMMRMMMMMRMMLMMMMRMMMMMRMMMMMRMMMMMRMMMMMRMMLMMMMRMMLMMMMRMMMMMRMMMMMRMMMMMRMMLMMMMRMMMMMRMMMMMRMMLMMMMRMMMMMRMMMMMMRMMLMMMMRMMMMMRMMMMMRMMMMMRMMMMMRMMMMMRMMMMMRMMLMMMMRMMLMMMMRMMMMMRMMMMMRMMMMMRMMMMMRMMMMMRMMMMMRMMLMMMMRMMMMMRMMMMMRMMMMMRMMMMMRMMMMMRMMMMMRMMMMMRMMLMMMMRMMLMMMMRMMMMMRMMMMMRMMMMMRMMMMMRMMMMMRMMMMMRMMMMMMRMMMMMRMMMMMRMMMMMRMMMMMRMMMMMRMMMMMRMMMMMRMMLMMMMRMMLMMMMRMMLMMMMRMMLMMMMRMMMMMRMMMMMRMMMMMRMMMMMRMMMMMRMMMMMRMMMMMRMMLMMMMRMMMMMRMMMMMRMMMMMRMMMMMRMMMMMRMMMMMRMMMMMRMMLMMMMRMMMMMRM",1
75,"[45]PoHHHHIHGKHPJCliBbfpuHjIDLLyqvoDQBnvRPQDdgrBt",0.413636,45,"MMMMRMMMMMRMMMMMRMMMMMRMMMMMRMMMMMRMMMMMRMMMMMRMMLMMMMRMMMMMRMMMMMRMMMMMRMMMMMRMMMMMRMMMMMMRMMMMMRMMMMMRMMMMMRMMLMMMMRMMMMMRMMMMMRMMMMMMRMMMMMRMMMMMRMMMMMRMMMMMRMMMMMRMMMMMRMMMMMMRMMMMMMRMMMMMRMMMMMRMMLMMMMRMMLMMMMRMMMMMRMMMMMRMMMMMRMMMMMMRMMMMMRMMMMMRMMMMMRMMMMMRMMMMMRMMMMMRMMMMMMRMMMMMRMMMMMRMMMMMRMMLMMMMRMMMMMRMMMMMRMMMMMRMMMMMRMMLMMMMRMMMMMMRMMMMMRMMMMMRMMMMMRMMLMMMMRMMLMMMMRMMMMMRMMMMMRMMMMMRMMMMMRMMLMMMMRMMLMMMMRMMMMMMRMMMMMRMMMMMRMMMMMRMMLMMMMRMMLMMMMRMMMMMRMMMMMRMMMMMRMMMMMRMMLMMMMRMMLMMMMRMMMMMMRMMMMMRMMMMMRMMLMMMMRMMMMMRMMMMMMRMMMMMRMMMMMRMMMMMRMMMMMRMMLMMMMRMMLMMMMRMMMMMRMMMMMRMMMMMRMMMMMRMMMMMRMMLMMMMRMMLMMMMRMMLMMMMRMMMMMRMMMMMRMMMMMRMMMMMRMMMMMRMMLMMMMRMMLMMMMRMMLMMMMRMMMMMMRMMMMMRMMMMMRMMMMMRMMMMMRMMMMMRMMMMMRMMLMMMMRMMMMMRMMMMMRMMMMMRMMMMMRMMMMMRMMMMMMRMMMMMRMMLMMMMRMMMMMRMMMMMRMMMMMRMMMMMRMMMMMRMMMMMRMMMMMRMMLMMMMRMMLMMMMRM",3
76,"[45]PoHHHHIHGKHPJCliBbfpuHjIDLLyqvoDQBnvRPQDdgrBt",0.413636,45,"MMMMRMMMMMRMMMMMRMMMMMRMMMMMRMMMMMRMMMMMRMMMMMRMMLMMMMRMMMMMRMMMMMRMMMMMRMMMMMRMMMMMRMMMMMMRMMMMMRMMMMMRMMMMMRMMLMMMMRMMMMMRMMMMMRMMMMMMRMMMMMRMMMMMRMMMMMRMMMMMRMMMMMRMMMMMRMMMMMMRMMMMMMRMMMMMRMMMMMRMMLMMMMRMMLMMMMRMMMMMRMMMMMRMMMMMRMMMMMMRMMMMMRMMMMMRMMMMMRMMMMMRMMMMMRMMMMMRMMMMMMRMMMMMRMMMMMRMMMMMRMMLMMMMRMMMMMRMMMMMRMMMMMRMMMMMRMMLMMMMRMMMMMMRMMMMMRMMMMMRMMMMMRMMLMMMMRMMLMMMMRMMMMMRMMMMMRMMMMMRMMMMMRMMLMMMMRMMLMMMMRMMMMMMRMMMMMRMMMMMRMMMMMRMMLMMMMRMMLMMMMRMMMMMRMMMMMRMMMMMRMMMMMRMMLMMMMRMMLMMMMRMMMMMMRMMMMMRMMMMMRMMLMMMMRMMMMMRMMMMMMRMMMMMRMMMMMRMMMMMRMMMMMRMMLMMMMRMMLMMMMRMMMMMRMMMMMRMMMMMRMMMMMRMMMMMRMMLMMMMRMMLMMMMRMMLMMMMRMMMMMRMMMMMRMMMMMRMMMMMRMMMMMRMMLMMMMRMMLMMMMRMMLMMMMRMMMMMMRMMMMMRMMMMMRMMMMMRMMMMMRMMMMMRMMMMMRMMLMMMMRMMMMMRMMMMMRMMMMMRMMMMMRMMMMMRMMMMMMRMMMMMRMMLMMMMRMMMMMRMMMMMRMMMMMRMMMMMRMMMMMRMMMMMRMMMMMRMMLMMMMRMMLMMMMRM",3
77,"[45]PoHHHHIHGKHPJCliBbfpuHjIDLLyqvoDQBnvRPQDdgrBt",0.424745,45,"MMMMRMMMMMRMMMMMRMMMMMRMMMMMRMMMMMRMMMMMRMMMMMRMMLMMMMRMMMMMRMMMMMRMMMMMRMMMMMRMMMMMRMMMMMRMMMMMRMMLMMMMRMMMMMRMMMMMRMMMMMMRMMMMMRMMMMMRMMMMMRMMMMMRMMLMMMMRMMMMMRMMMMMRMMMMMRMMMMMMRMMMMMRMMMMMRMMMMMRMMLMMMMRMMMMMRMMMMMRMMMMMRMMMMMRMMMMMRMMLMMMMRMMMMMMRMMMMMRMMMMMRMMMMMRMMMMMRMMLMMMMRMMMMMRMMMMMRMMMMMMRMMMMMRMMMMMRMMLMMMMRMMMMMRMMMMMRMMMMMRMMMMMRMMMMMRMMLMMMMRMMMMMRMMMMMRMMMMMRMMMMMRMMLMMMMRMMLMMMMRMMMMMRMMMMMRMMMMMRMMLMMMMRMMMMMRMMMMMRMMLMMMMRMMMMMRMMMMMMRMMLMMMMRMMMMMRMMMMMRMMMMMRMMMMMRMMMMMRMMMMMRMMLMMMMRMMLMMMMRMMMMMRMMMMMRMMMMMRMMMMMRMMMMMRMMMMMRMMLMMMMRMMMMMRMMMMMRMMMMMRMMMMMRMMMMMRMMMMMRMMMMMRMMLMMMMRMMLMMMMRMMMMMRMMMMMRMMMMMRMMMMMRMMMMMRMMMMMRMMMMMMRMMMMMRMMMMMRMMMMMRMMMMMRMMMMMRMMMMMRMMMMMRMMLMMMMRMMLMMMMRMMLMMMMRMMLMMMMRMMMMMRMMMMMRMMMMMRMMMMMRMMMMMRMMMMMRMMMMMRMMLMMMMRMMMMMRMMMMMRMMMMMRMMMMMRMMMMMRMMMMMRMMMMMRMMLMMMMRMMMMMRM",1
78,"[45]PoHHHHIHGKHPJCliBbfpuHjIDLLyqvoDQBnvRPQDdgrBt",0.321875,45,"MMMMRMMMMMRMMMMMRMMMMMRMMMMMRMMMMMRMMMMMRMMMMMRMMLMMMMRMMMMMRMMMMMRMMMMMRMMMMMRMMMMMRMMMMMRMMMMMRMMLMMMMRMMMMMRMMMMMRMMMMMRMMMMMRMMMMMRMMMMMRMMMMMRMMLMMMMRMMMMMRMMMMMRMMMMMRMMMMMRMMMMMRMMMMMRMMMMMRMMLMMMMRMMMMMRMMMMMRMMMMMRMMMMMRMMMMMRMMMMMRMMMMMRMMLMMMMRMMMMMRMMMMMRMMMMMRMMMMMRMMMMMRMMMMMRMMMMMRMMLMMMMRMMMMMRMMMMMRMMMMMRMMMMMRMMMMMRMMMMMRMMMMMRMMLMMMMRMMMMMRMMMMMRMMLMMMMRMMMMMRMMMMMRMMMMMRMMMMMRMMMMMRMMMMMRMMMMMRMMLMMMMRMMMMMMRMMMMMRMMMMMRMMMMMRMMMMMMRMMMMMRMMMMMRMMLMMMMRMMMMMRMMMMMRMMMMMRMMMMMRMMMMMRMMMMMRMMMMMRMMMMMRMMLMMMMRMMMMMRMMMMMRMMMMMRMMMMMRMMMMMRMMMMMRMMLMMMMRMMLMMMMRMMMMMRMMMMMRMMMMMRMMMMMRMMMMMRMMLMMMMRMMLMMMMRMMMMMRMMLMMMMRMMLMMMMRMMMMMMRMMMMMRMMMMMRMMMMMRMMMMMRMMMMMRMMLMMMMRMMMMMRMMMMMRMMMMMRMMMMMRMMLMMMMRMMLMMMMRMMMMMMRMMMMMRMMMMMRMMMMMRMMLMMMMRMMMMMRMMMMMRMMMMMRMMMMMRMMLMMMMRMMMMMMRMMMMMRMMMMMRMMMMMRMMLMMMMRMMLMMMMRM",0
79,"[45]PoHHHHIHGKHPJCliBbfpuHjIDLLyqvoDQBnvRPQDdgrBt",0.413636,45,"MMMMRMMMMMRMMMMMRMMMMMRMMMMMRMMMMMRMMMMMRMMMMMRMMLMMMMRMMMMMRMMMMMRMMMMMRMMMMMRMMMMMRMMMMMMRMMMMMRMMMMMRMMMMMRMMLMMMMRMMMMMRMMMMMRMMMMMMRMMMMMRMMMMMRMMMMMRMMMMMRMMMMMRMMMMMRMMMMMMRMMMMMMRMMMMMRMMMMMRMMLMMMMRMMLMMMMRMMMMMRMMMMMRMMMMMRMMMMMMRMMMMMRMMMMMRMMMMMRMMMMMRMMMMMRMMMMMRMMMMMMRMMMMMRMMMMMRMMMMMRMMLMMMMRMMMMMRMMMMMRMMMMMRMMMMMRMMLMMMMRMMMMMMRMMMMMRMMMMMRMMMMMRMMLMMMMRMMLMMMMRMMMMMRMMMMMRMMMMMRMMMMMRMMLMMMMRMMLMMMMRMMMMMMRMMMMMRMMMMMRMMMMMRMMLMMMMRMMLMMMMRMMMMMRMMMMMRMMMMMRMMMMMRMMLMMMMRMMLMMMMRMMMMMMRMMMMMRMMMMMRMMLMMMMRMMMMMRMMMMMMRMMMMMRMMMMMRMMMMMRMMMMMRMMLMMMMRMMLMMMMRMMMMMRMMMMMRMMMMMRMMMMMRMMMMMRMMLMMMMRMMLMMMMRMMLMMMMRMMMMMRMMMMMRMMMMMRMMMMMRMMMMMRMMLMMMMRMMLMMMMRMMLMMMMRMMMMMMRMMMMMRMMMMMRMMMMMRMMMMMRMMMMMRMMMMMRMMLMMMMRMMMMMRMMMMMRMMMMMRMMMMMRMMMMMRMMMMMMRMMMMMRMMLMMMMRMMMMMRMMMMMRMMMMMRMMMMMRMMMMMRMMMMMRMMMMMRMMLMMMMRMMLMMMMRM",3
80,"[45]PoHHHHIHGKHPJCliBbfpuHjIDLLyqvoDQBnvRPQDdgrBt",0.321875,45,"MMMMRMMMMMRMMMMMRMMMMMRMMMMMRMMMMMRMMMMMRMMMMMRMMLMMMMRMMMMMRMMMMMRMMMMMRMMMMMRMMMMMRMMMMMRMMMMMRMMLMMMMRMMMMMRMMMMMRMMMMMRMMMMMRMMMMMRMMMMMRMMMMMRMMLMMMMRMMMMMRMMMMMRMMMMMRMMMMMRMMMMMRMMMMMRMMMMMRMMLMMMMRMMMMMRMMMMMRMMMMMRMMMMMRMMMMMRMMMMMRMMMMMRMMLMMMMRMMMMMRMMMMMRMMMMMRMMMMMRMMMMMRMMMMMRMMMMMRMMLMMMMRMMMMMRMMMMMRMMMMMRMMMMMRMMMMMRMMMMMRMMMMMRMMLMMMMRMMMMMRMMMMMRMMLMMMMRMMMMMRMMMMMRMMMMMRMMMMMRMMMMMRMMMMMRMMMMMRMMLMMMMRMMMMMMRMMMMMRMMMMMRMMMMMRMMMMMMRMMMMMRMMMMMRMMLMMMMRMMMMMRMMMMMRMMMMMRMMMMMRMMMMMRMMMMMRMMMMMRMMMMMRMMLMMMMRMMMMMRMMMMMRMMMMMRMMMMMRMMMMMRMMMMMRMMLMMMMRMMLMMMMRMMMMMRMMMMMRMMMMMRMMMMMRMMMMMRMMLMMMMRMMLMMMMRMMMMMRMMLMMMMRMMLMMMMRMMMMMMRMMMMMRMMMMMRMMMMMRMMMMMRMMMMMRMMLMMMMRMMMMMRMMMMMRMMMMMRMMMMMRMMLMMMMRMMLMMMMRMMMMMMRMMMMMRMMMMMRMMMMMRMMLMMMMRMMMMMRMMMMMRMMMMMRMMMMMRMMLMMMMRMMMMMMRMMMMMRMMMMMRMMMMMRMMLMMMMRMMLMMMMRM",4
81,"[45]PoHHHHIHGKHPJCliBbfpuHjIDLLyqvoDQBnvRPQDdgrBt",0.321875,45,"MMMMRMMMMMRMMMMMRMMMMMRMMMMMRMMMMMRMMMMMRMMMMMRMMLMMMMRMMMMMRMMMMMRMMMMMRMMMMMRMMMMMRMMMMMRMMMMMRMMLMMMMRMMMMMRMMMMMRMMMMMRMMMMMRMMMMMRMMMMMRMMMMMRMMLMMMMRMMMMMRMMMMMRMMMMMRMMMMMRMMMMMRMMMMMRMMMMMRMMLMMMMRMMMMMRMMMMMRMMMMMRMMMMMRMMMMMRMMMMMRMMMMMRMMLMMMMRMMMMMRMMMMMRMMMMMRMMMMMRMMMMMRMMMMMRMMMMMRMMLMMMMRMMMMMRMMMMMRMMMMMRMMMMMRMMMMMRMMMMMRMMMMMRMMLMMMMRMMMMMRMMMMMRMMLMMMMRMMMMMRMMMMMRMMMMMRMMMMMRMMMMMRMMMMMRMMMMMRMMLMMMMRMMMMMMRMMMMMRMMMMMRMMMMMRMMMMMMRMMMMMRMMMMMRMMLMMMMRMMMMMRMMMMMRMMMMMRMMMMMRMMMMMRMMMMMRMMMMMRMMMMMRMMLMMMMRMMMMMRMMMMMRMMMMMRMMMMMRMMMMMRMMMMMRMMLMMMMRMMLMMMMRMMMMMRMMMMMRMMMMMRMMMMMRMMMMMRMMLMMMMRMMLMMMMRMMMMMRMMLMMMMRMMLMMMMRMMMMMMRMMMMMRMMMMMRMMMMMRMMMMMRMMMMMRMMLMMMMRMMMMMRMMMMMRMMMMMRMMMMMRMMLMMMMRMMLMMMMRMMMMMMRMMMMMRMMMMMRMMMMMRMMLMMMMRMMMMMRMMMMMRMMMMMRMMMMMRMMLMMMMRMMMMMMRMMMMMRMMMMMRMMMMMRMMLMMMMRMMLMMMMRM",4
82,"[45]PoHHHHIHGKHPJCliBbfpuHjIDLLyqvoDQBnvRPQDdgrBt",0.321875,45,"MMMMRMMMMMRMMMMMRMMMMMRMMMMMRMMMMMRMMMMMRMMMMMRMMLMMMMRMMMMMRMMMMMRMMMMMRMMMMMRMMMMMRMMMMMRMMMMMRMMLMMMMRMMMMMRMMMMMRMMMMMRMMMMMRMMMMMRMMMMMRMMMMMRMMLMMMMRMMMMMRMMMMMRMMMMMRMMMMMRMMMMMRMMMMMRMMMMMRMMLMMMMRMMMMMRMMMMMRMMMMMRMMMMMRMMMMMRMMMMMRMMMMMRMMLMMMMRMMMMMRMMMMMRMMMMMRMMMMMRMMMMMRMMMMMRMMMMMRMMLMMMMRMMMMMRMMMMMRMMMMMRMMMMMRMMMMMRMMMMMRMMMMMRMMLMMMMRMMMMMRMMMMMRMMLMMMMRMMMMMRMMMMMRMMMMMRMMMMMRMMMMMRMMMMMRMMMMMRMMLMMMMRMMMMMMRMMMMMRMMMMMRMMMMMRMMMMMMRMMMMMRMMMMMRMMLMMMMRMMMMMRMMMMMRMMMMMRMMMMMRMMMMMRMMMMMRMMMMMRMMMMMRMMLMMMMRMMMMMRMMMMMRMMMMMRMMMMMRMMMMMRMMMMMRMMLMMMMRMMLMMMMRMMMMMRMMMMMRMMMMMRMMMMMRMMMMMRMMLMMMMRMMLMMMMRMMMMMRMMLMMMMRMMLMMMMRMMMMMMRMMMMMRMMMMMRMMMMMRMMMMMRMMMMMRMMLMMMMRMMMMMRMMMMMRMMMMMRMMMMMRMMLMMMMRMMLMMMMRMMMMMMRMMMMMRMMMMMRMMMMMRMMLMMMMRMMMMMRMMMMMRMMMMMRMMMMMRMMLMMMMRMMMMMMRMMMMMRMMMMMRMMMMMRMMLMMMMRMMLMMMMRM",0
83,"[45]PoHHHHIHGKHPJCliBbfpuHjIDLLyqvoDQBnvRPQDdgrBt",0.321875,45,"MMMMRMMMMMRMMMMMRMMMMMRMMMMMRMMMMMRMMMMMRMMMMMRMMLMMMMRMMMMMRMMMMMRMMMMMRMMMMMRMMMMMRMMMMMRMMMMMRMMLMMMMRMMMMMRMMMMMRMMMMMRMMMMMRMMMMMRMMMMMRMMMMMRMMLMMMMRMMMMMRMMMMMRMMMMMRMMMMMRMMMMMRMMMMMRMMMMMRMMLMMMMRMMMMMRMMMMMRMMMMMRMMMMMRMMMMMRMMMMMRMMMMMRMMLMMMMRMMMMMRMMMMMRMMMMMRMMMMMRMMMMMRMMMMMRMMMMMRMMLMMMMRMMMMMRMMMMMRMMMMMRMMMMMRMMMMMRMMMMMRMMMMMRMMLMMMMRMMMMMRMMMMMRMMLMMMMRMMMMMRMMMMMRMMMMMRMMMMMRMMMMMRMMMMMRMMMMMRMMLMMMMRMMMMMMRMMMMMRMMMMMRMMMMMRMMMMMMRMMMMMRMMMMMRMMLMMMMRMMMMMRMMMMMRMMMMMRMMMMMRMMMMMRMMMMMRMMMMMRMMMMMRMMLMMMMRMMMMMRMMMMMRMMMMMRMMMMMRMMMMMRMMMMMRMMLMMMMRMMLMMMMRMMMMMRMMMMMRMMMMMRMMMMMRMMMMMRMMLMMMMRMMLMMMMRMMMMMRMMLMMMMRMMLMMMMRMMMMMMRMMMMMRMMMMMRMMMMMRMMMMMRMMMMMRMMLMMMMRMMMMMRMMMMMRMMMMMRMMMMMRMMLMMMMRMMLMMMMRMMMMMMRMMMMMRMMMMMRMMMMMRMMLMMMMRMMMMMRMMMMMRMMMMMRMMMMMRMMLMMMMRMMMMMMRMMMMMRMMMMMRMMMMMRMMLMMMMRMMLMMMMRM",0
84,"[45]PoHHHHIHGKHPJCliBbfpuHjIDLLyqvoDQBnvRPQDdgrBt",0.413636,45,"MMMMRMMMMMRMMMMMRMMMMMRMMMMMRMMMMMRMMMMMRMMMMMRMMLMMMMRMMMMMRMMMMMRMMMMMRMMMMMRMMMMMRMMMMMMRMMMMMRMMMMMRMMMMMRMMLMMMMRMMMMMRMMMMMRMMMMMMRMMMMMRMMMMMRMMMMMRMMMMMRMMMMMRMMMMMRMMMMMMRMMMMMMRMMMMMRMMMMMRMMLMMMMRMMLMMMMRMMMMMRMMMMMRMMMMMRMMMMMMRMMMMMRMMMMMRMMMMMRMMMMMRMMMMMRMMMMMRMMMMMMRMMMMMRMMMMMRMMMMMRMMLMMMMRMMMMMRMMMMMRMMMMMRMMMMMRMMLMMMMRMMMMMMRMMMMMRMMMMMRMMMMMRMMLMMMMRMMLMMMMRMMMMMRMMMMMRMMMMMRMMMMMRMMLMMMMRMMLMMMMRMMMMMMRMMMMMRMMMMMRMMMMMRMMLMMMMRMMLMMMMRMMMMMRMMMMMRMMMMMRMMMMMRMMLMMMMRMMLMMMMRMMMMMMRMMMMMRMMMMMRMMLMMMMRMMMMMRMMMMMMRMMMMMRMMMMMRMMMMMRMMMMMRMMLMMMMRMMLMMMMRMMMMMRMMMMMRMMMMMRMMMMMRMMMMMRMMLMMMMRMMLMMMMRMMLMMMMRMMMMMRMMMMMRMMMMMRMMMMMRMMMMMRMMLMMMMRMMLMMMMRMMLMMMMRMMMMMMRMMMMMRMMMMMRMMMMMRMMMMMRMMMMMRMMMMMRMMLMMMMRMMMMMRMMMMMRMMMMMRMMMMMRMMMMMRMMMMMMRMMMMMRMMLMMMMRMMMMMRMMMMMRMMMMMRMMMMMRMMMMMRMMMMMRMMMMMRMMLMMMMRMMLMMMMRM",3
85,"[45]PoHHHHIHGKHPJCliBbfpuHjIDLLyqvoDQBnvRPQDdgrBt",0.417045,45,"MMMMRMMMMMRMMMMMRMMMMMRMMMMMRMMMMMRMMMMMRMMMMMRMMLMMMMRMMMMMRMMMMMRMMMMMRMMMMMRMMMMMRMMMMMRMMMMMRMMLMMMMRMMMMMRMMMMMRMMMMMRMMMMMRMMMMMRMMMMMRMMMMMRMMLMMMMRMMMMMRMMMMMRMMMMMRMMMMMRMMMMMRMMMMMRMMMMMRMMLMMMMRMMMMMRMMMMMRMMMMMRMMMMMRMMMMMRMMMMMRMMMMMRMMLMMMMRMMMMMRMMMMMRMMMMMRMMMMMRMMMMMRMMMMMRMMMMMRMMLMMMMRMMMMMRMMMMMRMMMMMRMMMMMRMMMMMRMMMMMRMMMMMRMMLMMMMRMMMMMRMMMMMRMMLMMMMRMMMMMRMMMMMRMMMMMRMMMMMRMMMMMRMMMMMRMMMMMRMMLMMMMRMMMMMMRMMMMMRMMMMMRMMMMMRMMMMMRMMMMMRMMMMMRMMLMMMMRMMMMMRMMMMMRMMMMMRMMMMMRMMMMMRMMMMMRMMMMMMRMMMMMRMMLMMMMRMMMMMRMMMMMRMMMMMRMMMMMRMMMMMRMMMMMMRMMMMMRMMMMMRMMMMMRMMMMMMRMMMMMRMMMMMRMMMMMRMMMMMMRMMLMMMMRMMMMMRMMMMMRMMMMMMRMMMMMRMMMMMRMMMMMMRMMMMMRMMLMMMMRMMLMMMMRMMMMMRMMMMMRMMMMMRMMMMMRMMMMMRMMMMMRMMMMMRMMLMMMMRMMMMMRMMMMMRMMMMMRMMMMMRMMMMMRMMMMMRMMLMMMMRMMMMMRMMMMMRMMMMMRMMMMMMRMMMMMRMMLMMMMRMMLMMMMRMMMMMRMMMMMRM",2
86,"[45]PoHHHHIHGKHPJCliBbfpuHjIDLLyqvoDQBnvRPQDdgrBt",0.417045,45,"MMMMRMMMMMRMMMMMRMMMMMRMMMMMRMMMMMRMMMMMRMMMMMRMMLMMMMRMMMMMRMMMMMRMMMMMRMMMMMRMMMMMRMMMMMRMMMMMRMMLMMMMRMMMMMRMMMMMRMMMMMRMMMMMRMMMMMRMMMMMRMMMMMRMMLMMMMRMMMMMRMMMMMRMMMMMRMMMMMRMMMMMRMMMMMRMMMMMRMMLMMMMRMMMMMRMMMMMRMMMMMRMMMMMRMMMMMRMMMMMRMMMMMRMMLMMMMRMMMMMRMMMMMRMMMMMRMMMMMRMMMMMRMMMMMRMMMMMRMMLMMMMRMMMMMRMMMMMRMMMMMRMMMMMRMMMMMRMMMMMRMMMMMRMMLMMMMRMMMMMRMMMMMRMMLMMMMRMMMMMRMMMMMRMMMMMRMMMMMRMMMMMRMMMMMRMMMMMRMMLMMMMRMMMMMMRMMMMMRMMMMMRMMMMMRMMMMMRMMMMMRMMMMMRMMLMMMMRMMMMMRMMMMMRMMMMMRMMMMMRMMMMMRMMMMMRMMMMMMRMMMMMRMMLMMMMRMMMMMRMMMMMRMMMMMRMMMMMRMMMMMRMMMMMMRMMMMMRMMMMMRMMMMMRMMMMMMRMMMMMRMMMMMRMMMMMRMMMMMMRMMLMMMMRMMMMMRMMMMMRMMMMMMRMMMMMRMMMMMRMMMMMMRMMMMMRMMLMMMMRMMLMMMMRMMMMMRMMMMMRMMMMMRMMMMMRMMMMMRMMMMMRMMMMMRMMLMMMMRMMMMMRMMMMMRMMMMMRMMMMMRMMMMMRMMMMMRMMLMMMMRMMMMMRMMMMMRMMMMMRMMMMMMRMMMMMRMMLMMMMRMMLMMMMRMMMMMRMMMMMRM",2
87,"[45]PoHHHHIHGKHPJCliBbfpuHjIDLLyqvoDQBnvRPQDdgrBt",0.417045,45,"MMMMRMMMMMRMMMMMRMMMMMRMMMMMRMMMMMRMMMMMRMMMMMRMMLMMMMRMMMMMRMMMMMRMMMMMRMMMMMRMMMMMRMMMMMRMMMMMRMMLMMMMRMMMMMRMMMMMRMMMMMRMMMMMRMMMMMRMMMMMRMMMMMRMMLMMMMRMMMMMRMMMMMRMMMMMRMMMMMRMMMMMRMMMMMRMMMMMRMMLMMMMRMMMMMRMMMMMRMMMMMRMMMMMRMMMMMRMMMMMRMMMMMRMMLMMMMRMMMMMRMMMMMRMMMMMRMMMMMRMMMMMRMMMMMRMMMMMRMMLMMMMRMMMMMRMMMMMRMMMMMRMMMMMRMMMMMRMMMMMRMMMMMRMMLMMMMRMMMMMRMMMMMRMMLMMMMRMMMMMRMMMMMRMMMMMRMMMMMRMMMMMRMMMMMRMMMMMRMMLMMMMRMMMMMMRMMMMMRMMMMMRMMMMMRMMMMMRMMMMMRMMMMMRMMLMMMMRMMMMMRMMMMMRMMMMMRMMMMMRMMMMMRMMMMMRMMMMMMRMMMMMRMMLMMMMRMMMMMRMMMMMRMMMMMRMMMMMRMMMMMRMMMMMMRMMMMMRMMMMMRMMMMMRMMMMMMRMMMMMRMMMMMRMMMMMRMMMMMMRMMLMMMMRMMMMMRMMMMMRMMMMMMRMMMMMRMMMMMRMMMMMMRMMMMMRMMLMMMMRMMLMMMMRMMMMMRMMMMMRMMMMMRMMMMMRMMMMMRMMMMMRMMMMMRMMLMMMMRMMMMMRMMMMMRMMMMMRMMMMMRMMMMMRMMMMMRMMLMMMMRMMMMMRMMMMMRMMMMMRMMMMMMRMMMMMRMMLMMMMRMMLMMMMRMMMMMRMMMMMRM",2
88,"[45]PoHHHHIHGKHPJCliBbfpuHjIDLLyqvoDQBnvRPQDdgrBt",0.321875,45,"MMMMRMMMMMRMMMMMRMMMMMRMMMMMRMMMMMRMMMMMRMMMMMRMMLMMMMRMMMMMRMMMMMRMMMMMRMMMMMRMMMMMRMMMMMRMMMMMRMMLMMMMRMMMMMRMMMMMRMMMMMRMMMMMRMMMMMRMMMMMRMMMMMRMMLMMMMRMMMMMRMMMMMRMMMMMRMMMMMRMMMMMRMMMMMRMMMMMRMMLMMMMRMMMMMRMMMMMRMMMMMRMMMMMRMMMMMRMMMMMRMMMMMRMMLMMMMRMMMMMRMMMMMRMMMMMRMMMMMRMMMMMRMMMMMRMMMMMRMMLMMMMRMMMMMRMMMMMRMMMMMRMMMMMRMMMMMRMMMMMRMMMMMRMMLMMMMRMMMMMRMMMMMRMMLMMMMRMMMMMRMMMMMRMMMMMRMMMMMRMMMMMRMMMMMRMMMMMRMMLMMMMRMMMMMMRMMMMMRMMMMMRMMMMMRMMMMMMRMMMMMRMMMMMRMMLMMMMRMMMMMRMMMMMRMMMMMRMMMMMRMMMMMRMMMMMRMMMMMRMMMMMRMMLMMMMRMMMMMRMMMMMRMMMMMRMMMMMRMMMMMRMMMMMRMMLMMMMRMMLMMMMRMMMMMRMMMMMRMMMMMRMMMMMRMMMMMRMMLMMMMRMMLMMMMRMMMMMRMMLMMMMRMMLMMMMRMMMMMMRMMMMMRMMMMMRMMMMMRMMMMMRMMMMMRMMLMMMMRMMMMMRMMMMMRMMMMMRMMMMMRMMLMMMMRMMLMMMMRMMMMMMRMMMMMRMMMMMRMMMMMRMMLMMMMRMMMMMRMMMMMRMMMMMRMMMMMRMMLMMMMRMMMMMMRMMMMMRMMMMMRMMMMMRMMLMMMMRMMLMMMMRM",0
89,"[45]PoHHHHIHGKHPJCliBbfpuHjIDLLyqvoDQBnvRPQDdgrBt",0.413636,45,"MMMMRMMMMMRMMMMMRMMMMMRMMMMMRMMMMMRMMMMMRMMMMMRMMLMMMMRMMMMMRMMMMMRMMMMMRMMMMMRMMMMMRMMMMMMRMMMMMRMMMMMRMMMMMRMMLMMMMRMMMMMRMMMMMRMMMMMMRMMMMMRMMMMMRMMMMMRMMMMMRMMMMMRMMMMMRMMMMMMRMMMMMMRMMMMMRMMMMMRMMLMMMMRMMLMMMMRMMMMMRMMMMMRMMMMMRMMMMMMRMMMMMRMMMMMRMMMMMRMMMMMRMMMMMRMMMMMRMMMMMMRMMMMMRMMMMMRMMMMMRMMLMMMMRMMMMMRMMMMMRMMMMMRMMMMMRMMLMMMMRMMMMMMRMMMMMRMMMMMRMMMMMRMMLMMMMRMMLMMMMRMMMMMRMMMMMRMMMMMRMMMMMRMMLMMMMRMMLMMMMRMMMMMMRMMMMMRMMMMMRMMMMMRMMLMMMMRMMLMMMMRMMMMMRMMMMMRMMMMMRMMMMMRMMLMMMMRMMLMMMMRMMMMMMRMMMMMRMMMMMRMMLMMMMRMMMMMRMMMMMMRMMMMMRMMMMMRMMMMMRMMMMMRMMLMMMMRMMLMMMMRMMMMMRMMMMMRMMMMMRMMMMMRMMMMMRMMLMMMMRMMLMMMMRMMLMMMMRMMMMMRMMMMMRMMMMMRMMMMMRMMMMMRMMLMMMMRMMLMMMMRMMLMMMMRMMMMMMRMMMMMRMMMMMRMMMMMRMMMMMRMMMMMRMMMMMRMMLMMMMRMMMMMRMMMMMRMMMMMRMMMMMRMMMMMRMMMMMMRMMMMMRMMLMMMMRMMMMMRMMMMMRMMMMMRMMMMMRMMMMMRMMMMMRMMMMMRMMLMMMMRMMLMMMMRM",3
90,"[45]PoHHHHIHGKHPJCliBbfpuHjIDLLyqvoDQBnvRPQDdgrBt",0.424745,45,"MMMMRMMMMMRMMMMMRMMMMMRMMMMMRMMMMMRMMMMMRMMMMMRMMLMMMMRMMMMMRMMMMMRMMMMMRMMMMMRMMMMMRMMMMMRMMMMMRMMLMMMMRMMMMMRMMMMMRMMMMMMRMMMMMRMMMMMRMMMMMRMMMMMRMMLMMMMRMMMMMRMMMMMRMMMMMRMMMMMMRMMMMMRMMMMMRMMMMMRMMLMMMMRMMMMMRMMMMMRMMMMMRMMMMMRMMMMMRMMLMMMMRMMMMMMRMMMMMRMMMMMRMMMMMRMMMMMRMMLMMMMRMMMMMRMMMMMRMMMMMMRMMMMMRMMMMMRMMLMMMMRMMMMMRMMMMMRMMMMMRMMMMMRMMMMMRMMLMMMMRMMMMMRMMMMMRMMMMMRMMMMMRMMLMMMMRMMLMMMMRMMMMMRMMMMMRMMMMMRMMLMMMMRMMMMMRMMMMMRMMLMMMMRMMMMMRMMMMMMRMMLMMMMRMMMMMRMMMMMRMMMMMRMMMMMRMMMMMRMMMMMRMMLMMMMRMMLMMMMRMMMMMRMMMMMRMMMMMRMMMMMRMMMMMRMMMMMRMMLMMMMRMMMMMRMMMMMRMMMMMRMMMMMRMMMMMRMMMMMRMMMMMRMMLMMMMRMMLMMMMRMMMMMRMMMMMRMMMMMRMMMMMRMMMMMRMMMMMRMMMMMMRMMMMMRMMMMMRMMMMMRMMMMMRMMMMMRMMMMMRMMMMMRMMLMMMMRMMLMMMMRMMLMMMMRMMLMMMMRMMMMMRMMMMMRMMMMMRMMMMMRMMMMMRMMMMMRMMMMMRMMLMMMMRMMMMMRMMMMMRMMMMMRMMMMMRMMMMMRMMMMMRMMMMMRMMLMMMMRMMMMMRM",1
91,"[45]PoHHHHIHGKHPJCliBbfpuHjIDLLyqvoDQBnvRPQDdgrBt",0.321875,45,"MMMMRMMMMMRMMMMMRMMMMMRMMMMMRMMMMMRMMMMMRMMMMMRMMLMMMMRMMMMMRMMMMMRMMMMMRMMMMMRMMMMMRMMMMMRMMMMMRMMLMMMMRMMMMMRMMMMMRMMMMMRMMMMMRMMMMMRMMMMMRMMMMMRMMLMMMMRMMMMMRMMMMMRMMMMMRMMMMMRMMMMMRMMMMMRMMMMMRMMLMMMMRMMMMMRMMMMMRMMMMMRMMMMMRMMMMMRMMMMMRMMMMMRMMLMMMMRMMMMMRMMMMMRMMMMMRMMMMMRMMMMMRMMMMMRMMMMMRMMLMMMMRMMMMMRMMMMMRMMMMMRMMMMMRMMMMMRMMMMMRMMMMMRMMLMMMMRMMMMMRMMMMMRMMLMMMMRMMMMMRMMMMMRMMMMMRMMMMMRMMMMMRMMMMMRMMMMMRMMLMMMMRMMMMMMRMMMMMRMMMMMRMMMMMRMMMMMMRMMMMMRMMMMMRMMLMMMMRMMMMMRMMMMMRMMMMMRMMMMMRMMMMMRMMMMMRMMMMMRMMMMMRMMLMMMMRMMMMMRMMMMMRMMMMMRMMMMMRMMMMMRMMMMMRMMLMMMMRMMLMMMMRMMMMMRMMMMMRMMMMMRMMMMMRMMMMMRMMLMMMMRMMLMMMMRMMMMMRMMLMMMMRMMLMMMMRMMMMMMRMMMMMRMMMMMRMMMMMRMMMMMRMMMMMRMMLMMMMRMMMMMRMMMMMRMMMMMRMMMMMRMMLMMMMRMMLMMMMRMMMMMMRMMMMMRMMMMMRMMMMMRMMLMMMMRMMMMMRMMMMMRMMMMMRMMMMMRMMLMMMMRMMMMMMRMMMMMRMMMMMRMMMMMRMMLMMMMRMMLMMMMRM",0
92,"[45]PoHHHHIHGKHPJCliBbfpuHjIDLLyqvoDQBnvRPQDdgrBt",0.413636,45,"MMMMRMMMMMRMMMMMRMMMMMRMMMMMRMMMMMRMMMMMRMMMMMRMMLMMMMRMMMMMRMMMMMRMMMMMRMMMMMRMMMMMRMMMMMMRMMMMMRMMMMMRMMMMMRMMLMMMMRMMMMMRMMMMMRMMMMMMRMMMMMRMMMMMRMMMMMRMMMMMRMMMMMRMMMMMRMMMMMMRMMMMMMRMMMMMRMMMMMRMMLMMMMRMMLMMMMRMMMMMRMMMMMRMMMMMRMMMMMMRMMMMMRMMMMMRMMMMMRMMMMMRMMMMMRMMMMMRMMMMMMRMMMMMRMMMMMRMMMMMRMMLMMMMRMMMMMRMMMMMRMMMMMRMMMMMRMMLMMMMRMMMMMMRMMMMMRMMMMMRMMMMMRMMLMMMMRMMLMMMMRMMMMMRMMMMMRMMMMMRMMMMMRMMLMMMMRMMLMMMMRMMMMMMRMMMMMRMMMMMRMMMMMRMMLMMMMRMMLMMMMRMMMMMRMMMMMRMMMMMRMMMMMRMMLMMMMRMMLMMMMRMMMMMMRMMMMMRMMMMMRMMLMMMMRMMMMMRMMMMMMRMMMMMRMMMMMRMMMMMRMMMMMRMMLMMMMRMMLMMMMRMMMMMRMMMMMRMMMMMRMMMMMRMMMMMRMMLMMMMRMMLMMMMRMMLMMMMRMMMMMRMMMMMRMMMMMRMMMMMRMMMMMRMMLMMMMRMMLMMMMRMMLMMMMRMMMMMMRMMMMMRMMMMMRMMMMMRMMMMMRMMMMMRMMMMMRMMLMMMMRMMMMMRMMMMMRMMMMMRMMMMMRMMMMMRMMMMMMRMMMMMRMMLMMMMRMMMMMRMMMMMRMMMMMRMMMMMRMMMMMRMMMMMRMMMMMRMMLMMMMRMMLMMMMRM",3
93,"[45]PoHHHHIHGKHPJCliBbfpuHjIDLLyqvoDQBnvRPQDdgrBt",0.424745,45,"MMMMRMMMMMRMMMMMRMMMMMRMMMMMRMMMMMRMMMMMRMMMMMRMMLMMMMRMMMMMRMMMMMRMMMMMRMMMMMRMMMMMRMMMMMRMMMMMRMMLMMMMRMMMMMRMMMMMRMMMMMMRMMMMMRMMMMMRMMMMMRMMMMMRMMLMMMMRMMMMMRMMMMMRMMMMMRMMMMMMRMMMMMRMMMMMRMMMMMRMMLMMMMRMMMMMRMMMMMRMMMMMRMMMMMRMMMMMRMMLMMMMRMMMMMMRMMMMMRMMMMMRMMMMMRMMMMMRMMLMMMMRMMMMMRMMMMMRMMMMMMRMMMMMRMMMMMRMMLMMMMRMMMMMRMMMMMRMMMMMRMMMMMRMMMMMRMMLMMMMRMMMMMRMMMMMRMMMMMRMMMMMRMMLMMMMRMMLMMMMRMMMMMRMMMMMRMMMMMRMMLMMMMRMMMMMRMMMMMRMMLMMMMRMMMMMRMMMMMMRMMLMMMMRMMMMMRMMMMMRMMMMMRMMMMMRMMMMMRMMMMMRMMLMMMMRMMLMMMMRMMMMMRMMMMMRMMMMMRMMMMMRMMMMMRMMMMMRMMLMMMMRMMMMMRMMMMMRMMMMMRMMMMMRMMMMMRMMMMMRMMMMMRMMLMMMMRMMLMMMMRMMMMMRMMMMMRMMMMMRMMMMMRMMMMMRMMMMMRMMMMMMRMMMMMRMMMMMRMMMMMRMMMMMRMMMMMRMMMMMRMMMMMRMMLMMMMRMMLMMMMRMMLMMMMRMMLMMMMRMMMMMRMMMMMRMMMMMRMMMMMRMMMMMRMMMMMRMMMMMRMMLMMMMRMMMMMRMMMMMRMMMMMRMMMMMRMMMMMRMMMMMRMMMMMRMMLMMMMRMMMMMRM",1
94,"[45]PoHHHHIHGKHPJCliBbfpuHjIDLLyqvoDQBnvRPQDdgrBt",0.413636,45,"MMMMRMMMMMRMMMMMRMMMMMRMMMMMRMMMMMRMMMMMRMMMMMRMMLMMMMRMMMMMRMMMMMRMMMMMRMMMMMRMMMMMRMMMMMMRMMMMMRMMMMMRMMMMMRMMLMMMMRMMMMMRMMMMMRMMMMMMRMMMMMRMMMMMRMMMMMRMMMMMRMMMMMRMMMMMRMMMMMMRMMMMMMRMMMMMRMMMMMRMMLMMMMRMMLMMMMRMMMMMRMMMMMRMMMMMRMMMMMMRMMMMMRMMMMMRMMMMMRMMMMMRMMMMMRMMMMMRMMMMMMRMMMMMRMMMMMRMMMMMRMMLMMMMRMMMMMRMMMMMRMMMMMRMMMMMRMMLMMMMRMMMMMMRMMMMMRMMMMMRMMMMMRMMLMMMMRMMLMMMMRMMMMMRMMMMMRMMMMMRMMMMMRMMLMMMMRMMLMMMMRMMMMMMRMMMMMRMMMMMRMMMMMRMMLMMMMRMMLMMMMRMMMMMRMMMMMRMMMMMRMMMMMRMMLMMMMRMMLMMMMRMMMMMMRMMMMMRMMMMMRMMLMMMMRMMMMMRMMMMMMRMMMMMRMMMMMRMMMMMRMMMMMRMMLMMMMRMMLMMMMRMMMMMRMMMMMRMMMMMRMMMMMRMMMMMRMMLMMMMRMMLMMMMRMMLMMMMRMMMMMRMMMMMRMMMMMRMMMMMRMMMMMRMMLMMMMRMMLMMMMRMMLMMMMRMMMMMMRMMMMMRMMMMMRMMMMMRMMMMMRMMMMMRMMMMMRMMLMMMMRMMMMMRMMMMMRMMMMMRMMMMMRMMMMMRMMMMMMRMMMMMRMMLMMMMRMMMMMRMMMMMRMMMMMRMMMMMRMMMMMRMMMMMRMMMMMRMMLMMMMRMMLMMMMRM",3
95,"[45]PoHHHHIHGKHPJCliBbfpuHjIDLLyqvoDQBnvRPQDdgrBt",0.424745,45,"MMMMRMMMMMRMMMMMRMMMMMRMMMMMRMMMMMRMMMMMRMMMMMRMMLMMMMRMMMMMRMMMMMRMMMMMRMMMMMRMMMMMRMMMMMRMMMMMRMMLMMMMRMMMMMRMMMMMRMMMMMMRMMMMMRMMMMMRMMMMMRMMMMMRMMLMMMMRMMMMMRMMMMMRMMMMMRMMMMMMRMMMMMRMMMMMRMMMMMRMMLMMMMRMMMMMRMMMMMRMMMMMRMMMMMRMMMMMRMMLMMMMRMMMMMMRMMMMMRMMMMMRMMMMMRMMMMMRMMLMMMMRMMMMMRMMMMMRMMMMMMRMMMMMRMMMMMRMMLMMMMRMMMMMRMMMMMRMMMMMRMMMMMRMMMMMRMMLMMMMRMMMMMRMMMMMRMMMMMRMMMMMRMMLMMMMRMMLMMMMRMMMMMRMMMMMRMMMMMRMMLMMMMRMMMMMRMMMMMRMMLMMMMRMMMMMRMMMMMMRMMLMMMMRMMMMMRMMMMMRMMMMMRMMMMMRMMMMMRMMMMMRMMLMMMMRMMLMMMMRMMMMMRMMMMMRMMMMMRMMMMMRMMMMMRMMMMMRMMLMMMMRMMMMMRMMMMMRMMMMMRMMMMMRMMMMMRMMMMMRMMMMMRMMLMMMMRMMLMMMMRMMMMMRMMMMMRMMMMMRMMMMMRMMMMMRMMMMMRMMMMMMRMMMMMRMMMMMRMMMMMRMMMMMRMMMMMRMMMMMRMMMMMRMMLMMMMRMMLMMMMRMMLMMMMRMMLMMMMRMMMMMRMMMMMRMMMMMRMMMMMRMMMMMRMMMMMRMMMMMRMMLMMMMRMMMMMRMMMMMRMMMMMRMMMMMRMMMMMRMMMMMRMMMMMRMMLMMMMRMMMMMRM",1
96,"[45]PoHHHHIHGKHPJCliBbfpuHjIDLLyqvoDQBnvRPQDdgrBt",0.321875,45,"MMMMRMMMMMRMMMMMRMMMMMRMMMMMRMMMMMRMMMMMRMMMMMRMMLMMMMRMMMMMRMMMMMRMMMMMRMMMMMRMMMMMRMMMMMRMMMMMRMMLMMMMRMMMMMRMMMMMRMMMMMRMMMMMRMMMMMRMMMMMRMMMMMRMMLMMMMRMMMMMRMMMMMRMMMMMRMMMMMRMMMMMRMMMMMRMMMMMRMMLMMMMRMMMMMRMMMMMRMMMMMRMMMMMRMMMMMRMMMMMRMMMMMRMMLMMMMRMMMMMRMMMMMRMMMMMRMMMMMRMMMMMRMMMMMRMMMMMRMMLMMMMRMMMMMRMMMMMRMMMMMRMMMMMRMMMMMRMMMMMRMMMMMRMMLMMMMRMMMMMRMMMMMRMMLMMMMRMMMMMRMMMMMRMMMMMRMMMMMRMMMMMRMMMMMRMMMMMRMMLMMMMRMMMMMMRMMMMMRMMMMMRMMMMMRMMMMMMRMMMMMRMMMMMRMMLMMMMRMMMMMRMMMMMRMMMMMRMMMMMRMMMMMRMMMMMRMMMMMRMMMMMRMMLMMMMRMMMMMRMMMMMRMMMMMRMMMMMRMMMMMRMMMMMRMMLMMMMRMMLMMMMRMMMMMRMMMMMRMMMMMRMMMMMRMMMMMRMMLMMMMRMMLMMMMRMMMMMRMMLMMMMRMMLMMMMRMMMMMMRMMMMMRMMMMMRMMMMMRMMMMMRMMMMMRMMLMMMMRMMMMMRMMMMMRMMMMMRMMMMMRMMLMMMMRMMLMMMMRMMMMMMRMMMMMRMMMMMRMMMMMRMMLMMMMRMMMMMRMMMMMRMMMMMRMMMMMRMMLMMMMRMMMMMMRMMMMMRMMMMMRMMMMMRMMLMMMMRMMLMMMMRM",4
97,"[45]PoHHHHIHGKHPJCliBbfpuHjIDLLyqvoDQBnvRPQDdgrBt",0.417045,45,"MMMMRMMMMMRMMMMMRMMMMMRMMMMMRMMMMMRMMMMMRMMMMMRMMLMMMMRMMMMMRMMMMMRMMMMMRMMMMMRMMMMMRMMMMMRMMMMMRMMLMMMMRMMMMMRMMMMMRMMMMMRMMMMMRMMMMMRMMMMMRMMMMMRMMLMMMMRMMMMMRMMMMMRMMMMMRMMMMMRMMMMMRMMMMMRMMMMMRMMLMMMMRMMMMMRMMMMMRMMMMMRMMMMMRMMMMMRMMMMMRMMMMMRMMLMMMMRMMMMMRMMMMMRMMMMMRMMMMMRMMMMMRMMMMMRMMMMMRMMLMMMMRMMMMMRMMMMMRMMMMMRMMMMMRMMMMMRMMMMMRMMMMMRMMLMMMMRMMMMMRMMMMMRMMLMMMMRMMMMMRMMMMMRMMMMMRMMMMMRMMMMMRMMMMMRMMMMMRMMLMMMMRMMMMMMRMMMMMRMMMMMRMMMMMRMMMMMRMMMMMRMMMMMRMMLMMMMRMMMMMRMMMMMRMMMMMRMMMMMRMMMMMRMMMMMRMMMMMMRMMMMMRMMLMMMMRMMMMMRMMMMMRMMMMMRMMMMMRMMMMMRMMMMMMRMMMMMRMMMMMRMMMMMRMMMMMMRMMMMMRMMMMMRMMMMMRMMMMMMRMMLMMMMRMMMMMRMMMMMRMMMMMMRMMMMMRMMMMMRMMMMMMRMMMMMRMMLMMMMRMMLMMMMRMMMMMRMMMMMRMMMMMRMMMMMRMMMMMRMMMMMRMMMMMRMMLMMMMRMMMMMRMMMMMRMMMMMRMMMMMRMMMMMRMMMMMRMMLMMMMRMMMMMRMMMMMRMMMMMRMMMMMMRMMMMMRMMLMMMMRMMLMMMMRMMMMMRMMMMMRM",2
98,"[45]PoHHHHIHGKHPJCliBbfpuHjIDLLyqvoDQBnvRPQDdgrBt",0.321875,45,"MMMMRMMMMMRMMMMMRMMMMMRMMMMMRMMMMMRMMMMMRMMMMMRMMLMMMMRMMMMMRMMMMMRMMMMMRMMMMMRMMMMMRMMMMMRMMMMMRMMLMMMMRMMMMMRMMMMMRMMMMMRMMMMMRMMMMMRMMMMMRMMMMMRMMLMMMMRMMMMMRMMMMMRMMMMMRMMMMMRMMMMMRMMMMMRMMMMMRMMLMMMMRMMMMMRMMMMMRMMMMMRMMMMMRMMMMMRMMMMMRMMMMMRMMLMMMMRMMMMMRMMMMMRMMMMMRMMMMMRMMMMMRMMMMMRMMMMMRMMLMMMMRMMMMMRMMMMMRMMMMMRMMMMMRMMMMMRMMMMMRMMMMMRMMLMMMMRMMMMMRMMMMMRMMLMMMMRMMMMMRMMMMMRMMMMMRMMMMMRMMMMMRMMMMMRMMMMMRMMLMMMMRMMMMMMRMMMMMRMMMMMRMMMMMRMMMMMMRMMMMMRMMMMMRMMLMMMMRMMMMMRMMMMMRMMMMMRMMMMMRMMMMMRMMMMMRMMMMMRMMMMMRMMLMMMMRMMMMMRMMMMMRMMMMMRMMMMMRMMMMMRMMMMMRMMLMMMMRMMLMMMMRMMMMMRMMMMMRMMMMMRMMMMMRMMMMMRMMLMMMMRMMLMMMMRMMMMMRMMLMMMMRMMLMMMMRMMMMMMRMMMMMRMMMMMRMMMMMRMMMMMRMMMMMRMMLMMMMRMMMMMRMMMMMRMMMMMRMMMMMRMMLMMMMRMMLMMMMRMMMMMMRMMMMMRMMMMMRMMMMMRMMLMMMMRMMMMMRMMMMMRMMMMMRMMMMMRMMLMMMMRMMMMMMRMMMMMRMMMMMRMMMMMRMMLMMMMRMMLMMMMRM",4
99,"[45]PoHHHHIHGKHPJCliBbfpuHjIDLLyqvoDQBnvRPQDdgrBt",0.424745,45,"MMMMRMMMMMRMMMMMRMMMMMRMMMMMRMMMMMRMMMMMRMMMMMRMMLMMMMRMMMMMRMMMMMRMMMMMRMMMMMRMMMMMRMMMMMRMMMMMRMMLMMMMRMMMMMRMMMMMRMMMMMMRMMMMMRMMMMMRMMMMMRMMMMMRMMLMMMMRMMMMMRMMMMMRMMMMMRMMMMMMRMMMMMRMMMMMRMMMMMRMMLMMMMRMMMMMRMMMMMRMMMMMRMMMMMRMMMMMRMMLMMMMRMMMMMMRMMMMMRMMMMMRMMMMMRMMMMMRMMLMMMMRMMMMMRMMMMMRMMMMMMRMMMMMRMMMMMRMMLMMMMRMMMMMRMMMMMRMMMMMRMMMMMRMMMMMRMMLMMMMRMMMMMRMMMMMRMMMMMRMMMMMRMMLMMMMRMMLMMMMRMMMMMRMMMMMRMMMMMRMMLMMMMRMMMMMRMMMMMRMMLMMMMRMMMMMRMMMMMMRMMLMMMMRMMMMMRMMMMMRMMMMMRMMMMMRMMMMMRMMMMMRMMLMMMMRMMLMMMMRMMMMMRMMMMMRMMMMMRMMMMMRMMMMMRMMMMMRMMLMMMMRMMMMMRMMMMMRMMMMMRMMMMMRMMMMMRMMMMMRMMMMMRMMLMMMMRMMLMMMMRMMMMMRMMMMMRMMMMMRMMMMMRMMMMMRMMMMMRMMMMMMRMMMMMRMMMMMRMMMMMRMMMMMRMMMMMRMMMMMRMMMMMRMMLMMMMRMMLMMMMRMMLMMMMRMMLMMMMRMMMMMRMMMMMRMMMMMRMMMMMRMMMMMRMMMMMRMMMMMRMMLMMMMRMMMMMRMMMMMRMMMMMRMMMMMRMMMMMRMMMMMRMMMMMRMMLMMMMRMMMMMRM",1
